timestamp_ist,provenance,node_id,block_id,block_name,ph,orp_mv,water_temp_c,water_level_cm,orp_status,sensor_health
2025-06-22T00:00,synthetic-simulated,SNSR-SANAUR-01,sanaur,Sanaur,7.11,605,26.6,114.0,watch,ok
2025-06-22T01:00,synthetic-simulated,SNSR-SANAUR-01,sanaur,Sanaur,7.08,596,25.9,102.8,watch,ok
2025-06-22T02:00,synthetic-simulated,SNSR-SANAUR-01,sanaur,Sanaur,7.1,608,25.3,98.4,watch,ok
2025-06-22T03:00,synthetic-simulated,SNSR-SANAUR-01,sanaur,Sanaur,7.19,601,25.4,87.2,watch,ok
2025-06-22T04:00,synthetic-simulated,SNSR-SANAUR-01,sanaur,Sanaur,7.04,626,25.3,85.2,watch,ok
2025-06-22T05:00,synthetic-simulated,SNSR-SANAUR-01,sanaur,Sanaur,7.12,614,25.9,69.7,watch,ok
2025-06-22T06:00,synthetic-simulated,SNSR-SANAUR-01,sanaur,Sanaur,7.02,617,26.2,64.6,watch,ok
2025-06-22T07:00,synthetic-simulated,SNSR-SANAUR-01,sanaur,Sanaur,7.02,615,27.2,70.0,watch,ok
2025-06-22T08:00,synthetic-simulated,SNSR-SANAUR-01,sanaur,Sanaur,7.11,598,27.9,81.0,watch,ok
2025-06-22T09:00,synthetic-simulated,SNSR-SANAUR-01,sanaur,Sanaur,7.13,589,28.8,85.7,watch,ok
2025-06-22T10:00,synthetic-simulated,SNSR-SANAUR-01,sanaur,Sanaur,7.15,624,29.4,93.6,watch,ok
2025-06-22T11:00,synthetic-simulated,SNSR-SANAUR-01,sanaur,Sanaur,7.19,609,30.4,104.6,watch,ok
2025-06-22T12:00,synthetic-simulated,SNSR-SANAUR-01,sanaur,Sanaur,7.04,586,30.4,105.6,watch,ok
2025-06-22T13:00,synthetic-simulated,SNSR-SANAUR-01,sanaur,Sanaur,7.12,594,31.3,104.3,watch,ok
2025-06-22T14:00,synthetic-simulated,SNSR-SANAUR-01,sanaur,Sanaur,7.05,589,32.4,98.4,watch,ok
2025-06-22T15:00,synthetic-simulated,SNSR-SANAUR-01,sanaur,Sanaur,7.06,599,32.1,89.4,watch,ok
2025-06-22T16:00,synthetic-simulated,SNSR-SANAUR-01,sanaur,Sanaur,7.19,615,31.5,78.5,watch,ok
2025-06-22T17:00,synthetic-simulated,SNSR-SANAUR-01,sanaur,Sanaur,7.1,605,31.7,72.9,watch,ok
2025-06-22T18:00,synthetic-simulated,SNSR-SANAUR-01,sanaur,Sanaur,7.02,594,30.3,65.4,watch,ok
2025-06-22T19:00,synthetic-simulated,SNSR-SANAUR-01,sanaur,Sanaur,7.1,636,30.6,71.6,watch,ok
2025-06-22T20:00,synthetic-simulated,SNSR-SANAUR-01,sanaur,Sanaur,,,,,,dropout
2025-06-22T21:00,synthetic-simulated,SNSR-SANAUR-01,sanaur,Sanaur,7.03,597,28.3,91.1,watch,ok
2025-06-22T22:00,synthetic-simulated,SNSR-SANAUR-01,sanaur,Sanaur,7.13,636,27.3,93.5,watch,ok
2025-06-22T23:00,synthetic-simulated,SNSR-SANAUR-01,sanaur,Sanaur,7.1,631,26.6,99.9,watch,ok
2025-06-23T00:00,synthetic-simulated,SNSR-SANAUR-01,sanaur,Sanaur,7.03,618,25.9,113.5,watch,ok
2025-06-23T01:00,synthetic-simulated,SNSR-SANAUR-01,sanaur,Sanaur,7.02,616,25.8,102.5,watch,ok
2025-06-23T02:00,synthetic-simulated,SNSR-SANAUR-01,sanaur,Sanaur,7.04,608,26.2,93.1,watch,ok
2025-06-23T03:00,synthetic-simulated,SNSR-SANAUR-01,sanaur,Sanaur,6.99,618,26.0,89.0,watch,ok
2025-06-23T04:00,synthetic-simulated,SNSR-SANAUR-01,sanaur,Sanaur,6.99,614,25.5,82.0,watch,ok
2025-06-23T05:00,synthetic-simulated,SNSR-SANAUR-01,sanaur,Sanaur,7.23,589,25.7,73.3,watch,ok
2025-06-23T06:00,synthetic-simulated,SNSR-SANAUR-01,sanaur,Sanaur,7.06,578,26.2,72.6,watch,ok
2025-06-23T07:00,synthetic-simulated,SNSR-SANAUR-01,sanaur,Sanaur,7.13,609,26.5,73.7,watch,ok
2025-06-23T08:00,synthetic-simulated,SNSR-SANAUR-01,sanaur,Sanaur,7.08,601,27.4,80.9,watch,ok
2025-06-23T09:00,synthetic-simulated,SNSR-SANAUR-01,sanaur,Sanaur,7.24,604,28.6,86.8,watch,ok
2025-06-23T10:00,synthetic-simulated,SNSR-SANAUR-01,sanaur,Sanaur,7.06,629,29.2,99.3,watch,ok
2025-06-23T11:00,synthetic-simulated,SNSR-SANAUR-01,sanaur,Sanaur,7.12,604,29.4,101.0,watch,ok
2025-06-23T12:00,synthetic-simulated,SNSR-SANAUR-01,sanaur,Sanaur,7.13,571,30.4,110.8,watch,ok
2025-06-23T13:00,synthetic-simulated,SNSR-SANAUR-01,sanaur,Sanaur,7.1,586,31.5,103.8,watch,ok
2025-06-23T14:00,synthetic-simulated,SNSR-SANAUR-01,sanaur,Sanaur,7.14,582,31.6,95.8,watch,ok
2025-06-23T15:00,synthetic-simulated,SNSR-SANAUR-01,sanaur,Sanaur,7.25,566,31.7,89.2,watch,ok
2025-06-23T16:00,synthetic-simulated,SNSR-SANAUR-01,sanaur,Sanaur,7.18,625,33.0,74.3,watch,ok
2025-06-23T17:00,synthetic-simulated,SNSR-SANAUR-01,sanaur,Sanaur,7.07,587,31.4,72.7,watch,ok
2025-06-23T18:00,synthetic-simulated,SNSR-SANAUR-01,sanaur,Sanaur,7.12,614,31.1,64.8,watch,ok
2025-06-23T19:00,synthetic-simulated,SNSR-SANAUR-01,sanaur,Sanaur,7.12,658,29.7,70.3,safe,ok
2025-06-23T20:00,synthetic-simulated,SNSR-SANAUR-01,sanaur,Sanaur,7.06,586,29.3,86.3,watch,ok
2025-06-23T21:00,synthetic-simulated,SNSR-SANAUR-01,sanaur,Sanaur,7.07,623,27.9,88.7,watch,ok
2025-06-23T22:00,synthetic-simulated,SNSR-SANAUR-01,sanaur,Sanaur,7.07,607,27.8,94.8,watch,ok
2025-06-23T23:00,synthetic-simulated,SNSR-SANAUR-01,sanaur,Sanaur,7.05,601,26.4,103.8,watch,ok
2025-06-24T00:00,synthetic-simulated,SNSR-SANAUR-01,sanaur,Sanaur,7.19,586,26.3,108.2,watch,ok
2025-06-24T01:00,synthetic-simulated,SNSR-SANAUR-01,sanaur,Sanaur,7.08,608,24.8,106.3,watch,ok
2025-06-24T02:00,synthetic-simulated,SNSR-SANAUR-01,sanaur,Sanaur,7.16,595,24.9,97.1,watch,ok
2025-06-24T03:00,synthetic-simulated,SNSR-SANAUR-01,sanaur,Sanaur,7.13,661,25.7,87.4,safe,ok
2025-06-24T04:00,synthetic-simulated,SNSR-SANAUR-01,sanaur,Sanaur,7.15,634,25.5,77.9,watch,ok
2025-06-24T05:00,synthetic-simulated,SNSR-SANAUR-01,sanaur,Sanaur,7.13,614,25.6,69.1,watch,ok
2025-06-24T06:00,synthetic-simulated,SNSR-SANAUR-01,sanaur,Sanaur,7.09,634,26.8,65.2,watch,ok
2025-06-24T07:00,synthetic-simulated,SNSR-SANAUR-01,sanaur,Sanaur,6.97,606,26.4,73.4,watch,ok
2025-06-24T08:00,synthetic-simulated,SNSR-SANAUR-01,sanaur,Sanaur,7.08,577,27.4,77.6,watch,ok
2025-06-24T09:00,synthetic-simulated,SNSR-SANAUR-01,sanaur,Sanaur,7.06,561,28.3,87.9,watch,ok
2025-06-24T10:00,synthetic-simulated,SNSR-SANAUR-01,sanaur,Sanaur,7.14,600,29.7,95.2,watch,ok
2025-06-24T11:00,synthetic-simulated,SNSR-SANAUR-01,sanaur,Sanaur,7.06,599,29.9,99.3,watch,ok
2025-06-24T12:00,synthetic-simulated,SNSR-SANAUR-01,sanaur,Sanaur,7.1,629,30.9,106.4,watch,ok
2025-06-24T13:00,synthetic-simulated,SNSR-SANAUR-01,sanaur,Sanaur,7.03,606,31.5,103.5,watch,ok
2025-06-24T14:00,synthetic-simulated,SNSR-SANAUR-01,sanaur,Sanaur,7.03,625,32.2,90.9,watch,ok
2025-06-24T15:00,synthetic-simulated,SNSR-SANAUR-01,sanaur,Sanaur,7.13,607,31.7,82.4,watch,ok
2025-06-24T16:00,synthetic-simulated,SNSR-SANAUR-01,sanaur,Sanaur,7.07,633,31.4,77.9,watch,ok
2025-06-24T17:00,synthetic-simulated,SNSR-SANAUR-01,sanaur,Sanaur,6.98,629,31.6,73.1,watch,ok
2025-06-24T18:00,synthetic-simulated,SNSR-SANAUR-01,sanaur,Sanaur,7.05,622,31.4,61.6,watch,ok
2025-06-24T19:00,synthetic-simulated,SNSR-SANAUR-01,sanaur,Sanaur,7.07,625,30.1,68.9,watch,ok
2025-06-24T20:00,synthetic-simulated,SNSR-SANAUR-01,sanaur,Sanaur,7.03,589,29.5,84.2,watch,ok
2025-06-24T21:00,synthetic-simulated,SNSR-SANAUR-01,sanaur,Sanaur,7.11,583,28.8,91.9,watch,ok
2025-06-24T22:00,synthetic-simulated,SNSR-SANAUR-01,sanaur,Sanaur,7.19,559,27.6,99.2,watch,ok
2025-06-24T23:00,synthetic-simulated,SNSR-SANAUR-01,sanaur,Sanaur,7.09,611,27.1,102.2,watch,ok
2025-06-25T00:00,synthetic-simulated,SNSR-SANAUR-01,sanaur,Sanaur,7.13,573,26.2,111.6,watch,ok
2025-06-25T01:00,synthetic-simulated,SNSR-SANAUR-01,sanaur,Sanaur,7.05,582,25.4,104.7,watch,ok
2025-06-25T02:00,synthetic-simulated,SNSR-SANAUR-01,sanaur,Sanaur,7.1,620,25.4,93.6,watch,ok
2025-06-25T03:00,synthetic-simulated,SNSR-SANAUR-01,sanaur,Sanaur,7.0,595,25.3,88.2,watch,ok
2025-06-25T04:00,synthetic-simulated,SNSR-SANAUR-01,sanaur,Sanaur,7.15,617,25.2,76.7,watch,ok
2025-06-25T05:00,synthetic-simulated,SNSR-SANAUR-01,sanaur,Sanaur,7.16,588,25.6,73.7,watch,ok
2025-06-25T06:00,synthetic-simulated,SNSR-SANAUR-01,sanaur,Sanaur,7.17,583,25.4,60.2,watch,ok
2025-06-25T07:00,synthetic-simulated,SNSR-SANAUR-01,sanaur,Sanaur,7.18,615,26.7,72.5,watch,ok
2025-06-25T08:00,synthetic-simulated,SNSR-SANAUR-01,sanaur,Sanaur,7.05,581,27.2,80.6,watch,ok
2025-06-25T09:00,synthetic-simulated,SNSR-SANAUR-01,sanaur,Sanaur,7.12,603,27.7,86.0,watch,ok
2025-06-25T10:00,synthetic-simulated,SNSR-SANAUR-01,sanaur,Sanaur,7.09,583,28.8,99.0,watch,ok
2025-06-25T11:00,synthetic-simulated,SNSR-SANAUR-01,sanaur,Sanaur,7.06,601,30.0,103.0,watch,ok
2025-06-25T12:00,synthetic-simulated,SNSR-SANAUR-01,sanaur,Sanaur,7.12,617,30.0,111.1,watch,ok
2025-06-25T13:00,synthetic-simulated,SNSR-SANAUR-01,sanaur,Sanaur,7.19,586,31.5,102.6,watch,ok
2025-06-25T14:00,synthetic-simulated,SNSR-SANAUR-01,sanaur,Sanaur,7.1,601,32.3,93.8,watch,ok
2025-06-25T15:00,synthetic-simulated,SNSR-SANAUR-01,sanaur,Sanaur,7.25,594,32.2,87.4,watch,ok
2025-06-25T16:00,synthetic-simulated,SNSR-SANAUR-01,sanaur,Sanaur,7.04,609,31.8,76.5,watch,ok
2025-06-25T17:00,synthetic-simulated,SNSR-SANAUR-01,sanaur,Sanaur,7.01,619,30.5,70.3,watch,ok
2025-06-25T18:00,synthetic-simulated,SNSR-SANAUR-01,sanaur,Sanaur,7.1,563,30.0,63.4,watch,ok
2025-06-25T19:00,synthetic-simulated,SNSR-SANAUR-01,sanaur,Sanaur,7.11,600,29.8,76.1,watch,ok
2025-06-25T20:00,synthetic-simulated,SNSR-SANAUR-01,sanaur,Sanaur,7.09,599,28.8,81.0,watch,ok
2025-06-25T21:00,synthetic-simulated,SNSR-SANAUR-01,sanaur,Sanaur,7.16,590,28.5,87.2,watch,ok
2025-06-25T22:00,synthetic-simulated,SNSR-SANAUR-01,sanaur,Sanaur,7.0,617,27.5,96.0,watch,ok
2025-06-25T23:00,synthetic-simulated,SNSR-SANAUR-01,sanaur,Sanaur,7.12,565,26.7,105.1,watch,ok
2025-06-26T00:00,synthetic-simulated,SNSR-SANAUR-01,sanaur,Sanaur,6.98,602,26.0,107.6,watch,ok
2025-06-26T01:00,synthetic-simulated,SNSR-SANAUR-01,sanaur,Sanaur,,,,,,dropout
2025-06-26T02:00,synthetic-simulated,SNSR-SANAUR-01,sanaur,Sanaur,6.97,618,25.4,94.2,watch,ok
2025-06-26T03:00,synthetic-simulated,SNSR-SANAUR-01,sanaur,Sanaur,7.07,602,24.8,89.2,watch,ok
2025-06-26T04:00,synthetic-simulated,SNSR-SANAUR-01,sanaur,Sanaur,7.11,592,25.8,77.7,watch,ok
2025-06-26T05:00,synthetic-simulated,SNSR-SANAUR-01,sanaur,Sanaur,7.11,597,25.5,72.1,watch,ok
2025-06-26T06:00,synthetic-simulated,SNSR-SANAUR-01,sanaur,Sanaur,7.09,594,26.2,63.9,watch,ok
2025-06-26T07:00,synthetic-simulated,SNSR-SANAUR-01,sanaur,Sanaur,7.12,604,27.3,74.7,watch,ok
2025-06-26T08:00,synthetic-simulated,SNSR-SANAUR-01,sanaur,Sanaur,7.17,607,27.2,78.3,watch,ok
2025-06-26T09:00,synthetic-simulated,SNSR-SANAUR-01,sanaur,Sanaur,7.11,617,29.0,87.5,watch,ok
2025-06-26T10:00,synthetic-simulated,SNSR-SANAUR-01,sanaur,Sanaur,7.01,601,29.4,88.9,watch,ok
2025-06-26T11:00,synthetic-simulated,SNSR-SANAUR-01,sanaur,Sanaur,7.1,619,30.3,105.2,watch,ok
2025-06-26T12:00,synthetic-simulated,SNSR-SANAUR-01,sanaur,Sanaur,7.2,601,30.9,108.5,watch,ok
2025-06-26T13:00,synthetic-simulated,SNSR-SANAUR-01,sanaur,Sanaur,7.07,620,31.3,96.6,watch,ok
2025-06-26T14:00,synthetic-simulated,SNSR-SANAUR-01,sanaur,Sanaur,7.11,580,31.9,89.3,watch,ok
2025-06-26T15:00,synthetic-simulated,SNSR-SANAUR-01,sanaur,Sanaur,7.07,591,31.7,84.2,watch,ok
2025-06-26T16:00,synthetic-simulated,SNSR-SANAUR-01,sanaur,Sanaur,6.97,593,31.7,79.3,watch,ok
2025-06-26T17:00,synthetic-simulated,SNSR-SANAUR-01,sanaur,Sanaur,7.04,584,31.3,73.5,watch,ok
2025-06-26T18:00,synthetic-simulated,SNSR-SANAUR-01,sanaur,Sanaur,7.21,604,30.3,63.9,watch,ok
2025-06-26T19:00,synthetic-simulated,SNSR-SANAUR-01,sanaur,Sanaur,7.01,595,29.6,69.9,watch,ok
2025-06-26T20:00,synthetic-simulated,SNSR-SANAUR-01,sanaur,Sanaur,7.09,608,29.6,77.1,watch,ok
2025-06-26T21:00,synthetic-simulated,SNSR-SANAUR-01,sanaur,Sanaur,7.14,596,27.9,92.4,watch,ok
2025-06-26T22:00,synthetic-simulated,SNSR-SANAUR-01,sanaur,Sanaur,7.17,601,28.4,97.8,watch,ok
2025-06-26T23:00,synthetic-simulated,SNSR-SANAUR-01,sanaur,Sanaur,7.11,607,26.8,101.2,watch,ok
2025-06-27T00:00,synthetic-simulated,SNSR-SANAUR-01,sanaur,Sanaur,7.04,621,26.3,107.3,watch,ok
2025-06-27T01:00,synthetic-simulated,SNSR-SANAUR-01,sanaur,Sanaur,7.11,625,26.7,104.5,watch,ok
2025-06-27T02:00,synthetic-simulated,SNSR-SANAUR-01,sanaur,Sanaur,7.0,587,25.4,92.7,watch,ok
2025-06-27T03:00,synthetic-simulated,SNSR-SANAUR-01,sanaur,Sanaur,7.13,594,25.5,85.5,watch,ok
2025-06-27T04:00,synthetic-simulated,SNSR-SANAUR-01,sanaur,Sanaur,7.11,573,24.9,81.9,watch,ok
2025-06-27T05:00,synthetic-simulated,SNSR-SANAUR-01,sanaur,Sanaur,7.05,600,25.6,73.8,watch,ok
2025-06-27T06:00,synthetic-simulated,SNSR-SANAUR-01,sanaur,Sanaur,7.15,601,26.6,63.4,watch,ok
2025-06-27T07:00,synthetic-simulated,SNSR-SANAUR-01,sanaur,Sanaur,7.07,599,26.3,71.1,watch,ok
2025-06-27T08:00,synthetic-simulated,SNSR-SANAUR-01,sanaur,Sanaur,7.04,556,28.0,79.6,watch,ok
2025-06-27T09:00,synthetic-simulated,SNSR-SANAUR-01,sanaur,Sanaur,,,,,,dropout
2025-06-27T10:00,synthetic-simulated,SNSR-SANAUR-01,sanaur,Sanaur,7.11,481,29.5,89.7,watch,ok
2025-06-27T11:00,synthetic-simulated,SNSR-SANAUR-01,sanaur,Sanaur,6.84,501,30.8,95.2,watch,ok
2025-06-27T12:00,synthetic-simulated,SNSR-SANAUR-01,sanaur,Sanaur,6.87,503,31.0,105.9,watch,ok
2025-06-27T13:00,synthetic-simulated,SNSR-SANAUR-01,sanaur,Sanaur,6.75,462,32.0,97.1,watch,ok
2025-06-27T14:00,synthetic-simulated,SNSR-SANAUR-01,sanaur,Sanaur,6.83,396,32.5,94.5,critical,ok
2025-06-27T15:00,synthetic-simulated,SNSR-SANAUR-01,sanaur,Sanaur,6.64,396,32.4,76.8,critical,ok
2025-06-27T16:00,synthetic-simulated,SNSR-SANAUR-01,sanaur,Sanaur,6.7,405,32.0,64.2,watch,ok
2025-06-27T17:00,synthetic-simulated,SNSR-SANAUR-01,sanaur,Sanaur,6.58,344,31.7,55.4,critical,ok
2025-06-27T18:00,synthetic-simulated,SNSR-SANAUR-01,sanaur,Sanaur,6.69,330,31.8,54.3,critical,ok
2025-06-27T19:00,synthetic-simulated,SNSR-SANAUR-01,sanaur,Sanaur,6.56,288,31.5,58.3,critical,ok
2025-06-27T20:00,synthetic-simulated,SNSR-SANAUR-01,sanaur,Sanaur,6.42,251,30.3,67.1,critical,ok
2025-06-27T21:00,synthetic-simulated,SNSR-SANAUR-01,sanaur,Sanaur,6.39,232,29.8,67.6,critical,ok
2025-06-27T22:00,synthetic-simulated,SNSR-SANAUR-01,sanaur,Sanaur,6.41,260,28.4,76.5,critical,ok
2025-06-27T23:00,synthetic-simulated,SNSR-SANAUR-01,sanaur,Sanaur,6.44,208,28.4,82.3,critical,ok
2025-06-28T00:00,synthetic-simulated,SNSR-SANAUR-01,sanaur,Sanaur,6.42,171,28.1,86.3,critical,ok
2025-06-28T01:00,synthetic-simulated,SNSR-SANAUR-01,sanaur,Sanaur,6.35,204,27.0,85.2,critical,ok
2025-06-28T02:00,synthetic-simulated,SNSR-SANAUR-01,sanaur,Sanaur,6.38,219,26.8,75.9,critical,ok
2025-06-28T03:00,synthetic-simulated,SNSR-SANAUR-01,sanaur,Sanaur,6.27,178,28.2,67.8,critical,ok
2025-06-28T04:00,synthetic-simulated,SNSR-SANAUR-01,sanaur,Sanaur,6.28,161,26.8,57.5,critical,ok
2025-06-28T05:00,synthetic-simulated,SNSR-SANAUR-01,sanaur,Sanaur,6.3,177,26.6,54.6,critical,ok
2025-06-28T06:00,synthetic-simulated,SNSR-SANAUR-01,sanaur,Sanaur,6.43,195,27.3,45.3,critical,ok
2025-06-28T07:00,synthetic-simulated,SNSR-SANAUR-01,sanaur,Sanaur,6.5,194,28.1,51.6,critical,ok
2025-06-28T08:00,synthetic-simulated,SNSR-SANAUR-01,sanaur,Sanaur,6.4,203,28.9,61.5,critical,ok
2025-06-28T09:00,synthetic-simulated,SNSR-SANAUR-01,sanaur,Sanaur,6.34,167,30.5,68.8,critical,ok
2025-06-28T10:00,synthetic-simulated,SNSR-SANAUR-01,sanaur,Sanaur,6.43,163,30.3,74.0,critical,ok
2025-06-28T11:00,synthetic-simulated,SNSR-SANAUR-01,sanaur,Sanaur,6.3,159,30.6,86.0,critical,ok
2025-06-28T12:00,synthetic-simulated,SNSR-SANAUR-01,sanaur,Sanaur,6.34,186,32.7,93.5,critical,ok
2025-06-28T13:00,synthetic-simulated,SNSR-SANAUR-01,sanaur,Sanaur,6.34,225,32.5,84.2,critical,ok
2025-06-28T14:00,synthetic-simulated,SNSR-SANAUR-01,sanaur,Sanaur,6.43,156,33.6,77.0,critical,ok
2025-06-28T15:00,synthetic-simulated,SNSR-SANAUR-01,sanaur,Sanaur,6.47,198,33.0,69.3,critical,ok
2025-06-28T16:00,synthetic-simulated,SNSR-SANAUR-01,sanaur,Sanaur,6.45,148,32.3,61.7,critical,ok
2025-06-28T17:00,synthetic-simulated,SNSR-SANAUR-01,sanaur,Sanaur,6.46,148,32.6,57.5,critical,ok
2025-06-28T18:00,synthetic-simulated,SNSR-SANAUR-01,sanaur,Sanaur,6.3,178,32.3,50.2,critical,ok
2025-06-28T19:00,synthetic-simulated,SNSR-SANAUR-01,sanaur,Sanaur,6.35,169,31.3,53.9,critical,ok
2025-06-28T20:00,synthetic-simulated,SNSR-SANAUR-01,sanaur,Sanaur,6.33,180,30.3,63.5,critical,ok
2025-06-28T21:00,synthetic-simulated,SNSR-SANAUR-01,sanaur,Sanaur,6.33,186,29.6,68.8,critical,ok
2025-06-28T22:00,synthetic-simulated,SNSR-SANAUR-01,sanaur,Sanaur,6.24,165,28.9,79.4,critical,ok
2025-06-28T23:00,synthetic-simulated,SNSR-SANAUR-01,sanaur,Sanaur,6.34,206,28.8,85.2,critical,ok
2025-06-29T00:00,synthetic-simulated,SNSR-SANAUR-01,sanaur,Sanaur,6.25,164,28.2,93.1,critical,ok
2025-06-29T01:00,synthetic-simulated,SNSR-SANAUR-01,sanaur,Sanaur,6.28,179,27.1,83.3,critical,ok
2025-06-29T02:00,synthetic-simulated,SNSR-SANAUR-01,sanaur,Sanaur,6.34,176,27.2,73.6,critical,ok
2025-06-29T03:00,synthetic-simulated,SNSR-SANAUR-01,sanaur,Sanaur,6.25,173,27.2,71.0,critical,ok
2025-06-29T04:00,synthetic-simulated,SNSR-SANAUR-01,sanaur,Sanaur,6.22,192,26.9,62.2,critical,ok
2025-06-29T05:00,synthetic-simulated,SNSR-SANAUR-01,sanaur,Sanaur,6.24,185,28.3,51.8,critical,ok
2025-06-29T06:00,synthetic-simulated,SNSR-SANAUR-01,sanaur,Sanaur,6.25,159,27.1,48.3,critical,ok
2025-06-29T07:00,synthetic-simulated,SNSR-SANAUR-01,sanaur,Sanaur,6.38,180,29.0,56.8,critical,ok
2025-06-29T08:00,synthetic-simulated,SNSR-SANAUR-01,sanaur,Sanaur,6.33,188,28.6,60.5,critical,ok
2025-06-29T09:00,synthetic-simulated,SNSR-SANAUR-01,sanaur,Sanaur,6.28,187,30.3,75.0,critical,ok
2025-06-29T10:00,synthetic-simulated,SNSR-SANAUR-01,sanaur,Sanaur,6.36,185,30.4,77.3,critical,ok
2025-06-29T11:00,synthetic-simulated,SNSR-SANAUR-01,sanaur,Sanaur,6.29,196,32.0,86.8,critical,ok
2025-06-29T12:00,synthetic-simulated,SNSR-SANAUR-01,sanaur,Sanaur,6.3,173,31.7,92.9,critical,ok
2025-06-29T13:00,synthetic-simulated,SNSR-SANAUR-01,sanaur,Sanaur,6.43,180,32.8,85.1,critical,ok
2025-06-29T14:00,synthetic-simulated,SNSR-SANAUR-01,sanaur,Sanaur,6.29,188,31.8,84.4,critical,ok
2025-06-29T15:00,synthetic-simulated,SNSR-SANAUR-01,sanaur,Sanaur,6.48,199,32.9,66.8,critical,ok
2025-06-29T16:00,synthetic-simulated,SNSR-SANAUR-01,sanaur,Sanaur,6.37,232,32.5,62.3,critical,ok
2025-06-29T17:00,synthetic-simulated,SNSR-SANAUR-01,sanaur,Sanaur,6.39,212,32.2,53.7,critical,ok
2025-06-29T18:00,synthetic-simulated,SNSR-SANAUR-01,sanaur,Sanaur,6.35,250,31.9,46.3,critical,ok
2025-06-29T19:00,synthetic-simulated,SNSR-SANAUR-01,sanaur,Sanaur,6.41,223,31.1,58.3,critical,ok
2025-06-29T20:00,synthetic-simulated,SNSR-SANAUR-01,sanaur,Sanaur,6.5,254,30.8,63.4,critical,ok
2025-06-29T21:00,synthetic-simulated,SNSR-SANAUR-01,sanaur,Sanaur,6.45,223,28.6,71.8,critical,ok
2025-06-29T22:00,synthetic-simulated,SNSR-SANAUR-01,sanaur,Sanaur,6.63,239,28.7,81.3,critical,ok
2025-06-29T23:00,synthetic-simulated,SNSR-SANAUR-01,sanaur,Sanaur,6.55,290,27.9,88.3,critical,ok
2025-06-30T00:00,synthetic-simulated,SNSR-SANAUR-01,sanaur,Sanaur,6.46,336,27.7,95.7,critical,ok
2025-06-30T01:00,synthetic-simulated,SNSR-SANAUR-01,sanaur,Sanaur,6.64,320,26.3,89.6,critical,ok
2025-06-30T02:00,synthetic-simulated,SNSR-SANAUR-01,sanaur,Sanaur,6.48,277,26.1,79.9,critical,ok
2025-06-30T03:00,synthetic-simulated,SNSR-SANAUR-01,sanaur,Sanaur,6.61,352,26.5,75.9,critical,ok
2025-06-30T04:00,synthetic-simulated,SNSR-SANAUR-01,sanaur,Sanaur,6.58,355,26.6,69.8,critical,ok
2025-06-30T05:00,synthetic-simulated,SNSR-SANAUR-01,sanaur,Sanaur,6.68,360,26.5,65.5,critical,ok
2025-06-30T06:00,synthetic-simulated,SNSR-SANAUR-01,sanaur,Sanaur,6.63,348,26.9,52.9,critical,ok
2025-06-30T07:00,synthetic-simulated,SNSR-SANAUR-01,sanaur,Sanaur,6.55,367,27.4,60.8,critical,ok
2025-06-30T08:00,synthetic-simulated,SNSR-SANAUR-01,sanaur,Sanaur,6.72,375,28.7,71.2,critical,ok
2025-06-30T09:00,synthetic-simulated,SNSR-SANAUR-01,sanaur,Sanaur,6.67,353,29.4,79.3,critical,ok
2025-06-30T10:00,synthetic-simulated,SNSR-SANAUR-01,sanaur,Sanaur,6.67,366,30.2,82.4,critical,ok
2025-06-30T11:00,synthetic-simulated,SNSR-SANAUR-01,sanaur,Sanaur,6.76,387,30.6,94.3,critical,ok
2025-06-30T12:00,synthetic-simulated,SNSR-SANAUR-01,sanaur,Sanaur,6.75,377,30.9,98.4,critical,ok
2025-06-30T13:00,synthetic-simulated,SNSR-SANAUR-01,sanaur,Sanaur,6.69,418,32.0,96.2,watch,ok
2025-06-30T14:00,synthetic-simulated,SNSR-SANAUR-01,sanaur,Sanaur,6.71,418,32.3,91.7,watch,ok
2025-06-30T15:00,synthetic-simulated,SNSR-SANAUR-01,sanaur,Sanaur,6.88,454,32.8,79.7,watch,ok
2025-06-30T16:00,synthetic-simulated,SNSR-SANAUR-01,sanaur,Sanaur,6.82,439,32.4,75.8,watch,ok
2025-06-30T17:00,synthetic-simulated,SNSR-SANAUR-01,sanaur,Sanaur,6.81,437,32.5,67.6,watch,ok
2025-06-30T18:00,synthetic-simulated,SNSR-SANAUR-01,sanaur,Sanaur,6.85,415,31.9,57.6,watch,ok
2025-06-30T19:00,synthetic-simulated,SNSR-SANAUR-01,sanaur,Sanaur,6.76,470,30.7,68.0,watch,ok
2025-06-30T20:00,synthetic-simulated,SNSR-SANAUR-01,sanaur,Sanaur,6.88,476,30.5,71.7,watch,ok
2025-06-30T21:00,synthetic-simulated,SNSR-SANAUR-01,sanaur,Sanaur,6.86,452,29.1,82.2,watch,ok
2025-06-30T22:00,synthetic-simulated,SNSR-SANAUR-01,sanaur,Sanaur,6.89,486,27.2,90.2,watch,ok
2025-06-30T23:00,synthetic-simulated,SNSR-SANAUR-01,sanaur,Sanaur,6.92,472,27.6,95.3,watch,ok
2025-07-01T00:00,synthetic-simulated,SNSR-SANAUR-01,sanaur,Sanaur,6.91,472,27.1,106.5,watch,ok
2025-07-01T01:00,synthetic-simulated,SNSR-SANAUR-01,sanaur,Sanaur,6.81,487,25.8,94.9,watch,ok
2025-07-01T02:00,synthetic-simulated,SNSR-SANAUR-01,sanaur,Sanaur,7.01,516,25.8,93.5,watch,ok
2025-07-01T03:00,synthetic-simulated,SNSR-SANAUR-01,sanaur,Sanaur,6.97,498,25.4,85.8,watch,ok
2025-07-01T04:00,synthetic-simulated,SNSR-SANAUR-01,sanaur,Sanaur,7.1,562,26.2,78.9,watch,ok
2025-07-01T05:00,synthetic-simulated,SNSR-SANAUR-01,sanaur,Sanaur,7.05,548,26.5,66.9,watch,ok
2025-07-01T06:00,synthetic-simulated,SNSR-SANAUR-01,sanaur,Sanaur,6.98,560,26.1,64.4,watch,ok
2025-07-01T07:00,synthetic-simulated,SNSR-SANAUR-01,sanaur,Sanaur,6.89,548,27.0,64.2,watch,ok
2025-07-01T08:00,synthetic-simulated,SNSR-SANAUR-01,sanaur,Sanaur,7.11,572,27.5,82.1,watch,ok
2025-07-01T09:00,synthetic-simulated,SNSR-SANAUR-01,sanaur,Sanaur,7.13,553,29.2,89.5,watch,ok
2025-07-01T10:00,synthetic-simulated,SNSR-SANAUR-01,sanaur,Sanaur,6.95,616,29.7,93.5,watch,ok
2025-07-01T11:00,synthetic-simulated,SNSR-SANAUR-01,sanaur,Sanaur,7.07,622,30.1,100.1,watch,ok
2025-07-01T12:00,synthetic-simulated,SNSR-SANAUR-01,sanaur,Sanaur,7.19,594,31.0,112.1,watch,ok
2025-07-01T13:00,synthetic-simulated,SNSR-SANAUR-01,sanaur,Sanaur,,,,,,dropout
2025-07-01T14:00,synthetic-simulated,SNSR-SANAUR-01,sanaur,Sanaur,7.07,616,31.2,97.8,watch,ok
2025-07-01T15:00,synthetic-simulated,SNSR-SANAUR-01,sanaur,Sanaur,7.05,585,31.7,88.6,watch,ok
2025-07-01T16:00,synthetic-simulated,SNSR-SANAUR-01,sanaur,Sanaur,6.99,593,31.5,79.6,watch,ok
2025-07-01T17:00,synthetic-simulated,SNSR-SANAUR-01,sanaur,Sanaur,7.18,593,31.6,70.7,watch,ok
2025-07-01T18:00,synthetic-simulated,SNSR-SANAUR-01,sanaur,Sanaur,7.11,596,30.3,69.1,watch,ok
2025-07-01T19:00,synthetic-simulated,SNSR-SANAUR-01,sanaur,Sanaur,7.12,591,29.8,69.9,watch,ok
2025-07-01T20:00,synthetic-simulated,SNSR-SANAUR-01,sanaur,Sanaur,7.12,598,29.7,79.8,watch,ok
2025-07-01T21:00,synthetic-simulated,SNSR-SANAUR-01,sanaur,Sanaur,7.13,599,28.6,89.7,watch,ok
2025-07-01T22:00,synthetic-simulated,SNSR-SANAUR-01,sanaur,Sanaur,,,,,,dropout
2025-07-01T23:00,synthetic-simulated,SNSR-SANAUR-01,sanaur,Sanaur,7.16,594,27.1,99.7,watch,ok
2025-07-02T00:00,synthetic-simulated,SNSR-SANAUR-01,sanaur,Sanaur,7.08,603,26.3,109.4,watch,ok
2025-07-02T01:00,synthetic-simulated,SNSR-SANAUR-01,sanaur,Sanaur,7.04,579,26.4,101.0,watch,ok
2025-07-02T02:00,synthetic-simulated,SNSR-SANAUR-01,sanaur,Sanaur,7.12,616,25.2,95.3,watch,ok
2025-07-02T03:00,synthetic-simulated,SNSR-SANAUR-01,sanaur,Sanaur,7.02,607,24.7,87.0,watch,ok
2025-07-02T04:00,synthetic-simulated,SNSR-SANAUR-01,sanaur,Sanaur,7.19,582,25.4,79.6,watch,ok
2025-07-02T05:00,synthetic-simulated,SNSR-SANAUR-01,sanaur,Sanaur,7.15,611,25.5,75.1,watch,ok
2025-07-02T06:00,synthetic-simulated,SNSR-SANAUR-01,sanaur,Sanaur,7.09,583,25.4,68.3,watch,ok
2025-07-02T07:00,synthetic-simulated,SNSR-SANAUR-01,sanaur,Sanaur,7.06,607,27.0,73.8,watch,ok
2025-07-02T08:00,synthetic-simulated,SNSR-SANAUR-01,sanaur,Sanaur,7.01,614,27.7,83.9,watch,ok
2025-07-02T09:00,synthetic-simulated,SNSR-SANAUR-01,sanaur,Sanaur,6.99,561,28.5,89.3,watch,ok
2025-07-02T10:00,synthetic-simulated,SNSR-SANAUR-01,sanaur,Sanaur,7.03,617,29.0,92.4,watch,ok
2025-07-02T11:00,synthetic-simulated,SNSR-SANAUR-01,sanaur,Sanaur,7.13,595,30.5,104.4,watch,ok
2025-07-02T12:00,synthetic-simulated,SNSR-SANAUR-01,sanaur,Sanaur,7.1,594,30.4,110.3,watch,ok
2025-07-02T13:00,synthetic-simulated,SNSR-SANAUR-01,sanaur,Sanaur,7.16,615,32.0,99.8,watch,ok
2025-07-02T14:00,synthetic-simulated,SNSR-SANAUR-01,sanaur,Sanaur,7.12,610,31.1,89.9,watch,ok
2025-07-02T15:00,synthetic-simulated,SNSR-SANAUR-01,sanaur,Sanaur,7.01,591,31.9,90.1,watch,ok
2025-07-02T16:00,synthetic-simulated,SNSR-SANAUR-01,sanaur,Sanaur,7.11,613,31.8,78.6,watch,ok
2025-07-02T17:00,synthetic-simulated,SNSR-SANAUR-01,sanaur,Sanaur,7.1,600,31.0,75.2,watch,ok
2025-07-02T18:00,synthetic-simulated,SNSR-SANAUR-01,sanaur,Sanaur,7.09,590,30.5,66.5,watch,ok
2025-07-02T19:00,synthetic-simulated,SNSR-SANAUR-01,sanaur,Sanaur,7.17,606,29.8,69.0,watch,ok
2025-07-02T20:00,synthetic-simulated,SNSR-SANAUR-01,sanaur,Sanaur,7.15,594,29.8,83.9,watch,ok
2025-07-02T21:00,synthetic-simulated,SNSR-SANAUR-01,sanaur,Sanaur,7.03,588,29.2,90.4,watch,ok
2025-07-02T22:00,synthetic-simulated,SNSR-SANAUR-01,sanaur,Sanaur,7.24,594,27.1,92.6,watch,ok
2025-07-02T23:00,synthetic-simulated,SNSR-SANAUR-01,sanaur,Sanaur,7.08,577,27.2,105.6,watch,ok
2025-07-03T00:00,synthetic-simulated,SNSR-SANAUR-01,sanaur,Sanaur,6.99,598,25.9,106.2,watch,ok
2025-07-03T01:00,synthetic-simulated,SNSR-SANAUR-01,sanaur,Sanaur,7.05,589,25.5,104.3,watch,ok
2025-07-03T02:00,synthetic-simulated,SNSR-SANAUR-01,sanaur,Sanaur,7.25,587,25.6,95.2,watch,ok
2025-07-03T03:00,synthetic-simulated,SNSR-SANAUR-01,sanaur,Sanaur,7.16,625,26.0,90.0,watch,ok
2025-07-03T04:00,synthetic-simulated,SNSR-SANAUR-01,sanaur,Sanaur,7.09,584,25.5,83.6,watch,ok
2025-07-03T05:00,synthetic-simulated,SNSR-SANAUR-01,sanaur,Sanaur,7.13,615,25.6,68.8,watch,ok
2025-07-03T06:00,synthetic-simulated,SNSR-SANAUR-01,sanaur,Sanaur,7.16,577,26.5,67.0,watch,ok
2025-07-03T07:00,synthetic-simulated,SNSR-SANAUR-01,sanaur,Sanaur,7.12,600,26.6,69.8,watch,ok
2025-07-03T08:00,synthetic-simulated,SNSR-SANAUR-01,sanaur,Sanaur,7.21,566,27.4,80.9,watch,ok
2025-07-03T09:00,synthetic-simulated,SNSR-SANAUR-01,sanaur,Sanaur,7.04,586,29.6,88.0,watch,ok
2025-07-03T10:00,synthetic-simulated,SNSR-SANAUR-01,sanaur,Sanaur,7.07,613,28.3,90.9,watch,ok
2025-07-03T11:00,synthetic-simulated,SNSR-SANAUR-01,sanaur,Sanaur,7.19,616,30.1,100.2,watch,ok
2025-07-03T12:00,synthetic-simulated,SNSR-SANAUR-01,sanaur,Sanaur,7.0,593,31.2,114.1,watch,ok
2025-07-03T13:00,synthetic-simulated,SNSR-SANAUR-01,sanaur,Sanaur,7.08,559,31.5,104.8,watch,ok
2025-07-03T14:00,synthetic-simulated,SNSR-SANAUR-01,sanaur,Sanaur,7.12,606,31.2,95.1,watch,ok
2025-07-03T15:00,synthetic-simulated,SNSR-SANAUR-01,sanaur,Sanaur,7.31,597,31.8,87.9,watch,ok
2025-07-03T16:00,synthetic-simulated,SNSR-SANAUR-01,sanaur,Sanaur,7.02,603,31.9,78.7,watch,ok
2025-07-03T17:00,synthetic-simulated,SNSR-SANAUR-01,sanaur,Sanaur,7.01,618,31.6,75.5,watch,ok
2025-07-03T18:00,synthetic-simulated,SNSR-SANAUR-01,sanaur,Sanaur,7.1,599,30.9,69.7,watch,ok
2025-07-03T19:00,synthetic-simulated,SNSR-SANAUR-01,sanaur,Sanaur,7.02,611,30.0,73.8,watch,ok
2025-07-03T20:00,synthetic-simulated,SNSR-SANAUR-01,sanaur,Sanaur,7.12,605,29.7,77.3,watch,ok
2025-07-03T21:00,synthetic-simulated,SNSR-SANAUR-01,sanaur,Sanaur,7.05,622,28.9,87.8,watch,ok
2025-07-03T22:00,synthetic-simulated,SNSR-SANAUR-01,sanaur,Sanaur,7.15,590,27.9,93.8,watch,ok
2025-07-03T23:00,synthetic-simulated,SNSR-SANAUR-01,sanaur,Sanaur,7.08,607,26.8,102.4,watch,ok
2025-07-04T00:00,synthetic-simulated,SNSR-SANAUR-01,sanaur,Sanaur,7.09,583,25.0,109.2,watch,ok
2025-07-04T01:00,synthetic-simulated,SNSR-SANAUR-01,sanaur,Sanaur,6.96,600,25.0,103.0,watch,ok
2025-07-04T02:00,synthetic-simulated,SNSR-SANAUR-01,sanaur,Sanaur,7.19,578,25.0,91.9,watch,ok
2025-07-04T03:00,synthetic-simulated,SNSR-SANAUR-01,sanaur,Sanaur,7.12,568,25.2,86.2,watch,ok
2025-07-04T04:00,synthetic-simulated,SNSR-SANAUR-01,sanaur,Sanaur,7.03,591,25.5,76.7,watch,ok
2025-07-04T05:00,synthetic-simulated,SNSR-SANAUR-01,sanaur,Sanaur,7.14,585,26.4,73.0,watch,ok
2025-07-04T06:00,synthetic-simulated,SNSR-SANAUR-01,sanaur,Sanaur,7.12,620,26.3,63.8,watch,ok
2025-07-04T07:00,synthetic-simulated,SNSR-SANAUR-01,sanaur,Sanaur,7.09,600,26.6,70.9,watch,ok
2025-07-04T08:00,synthetic-simulated,SNSR-SANAUR-01,sanaur,Sanaur,6.97,595,27.8,81.1,watch,ok
2025-07-04T09:00,synthetic-simulated,SNSR-SANAUR-01,sanaur,Sanaur,7.03,614,29.0,86.0,watch,ok
2025-07-04T10:00,synthetic-simulated,SNSR-SANAUR-01,sanaur,Sanaur,7.1,620,28.9,93.6,watch,ok
2025-07-04T11:00,synthetic-simulated,SNSR-SANAUR-01,sanaur,Sanaur,7.07,573,30.1,99.7,watch,ok
2025-07-04T12:00,synthetic-simulated,SNSR-SANAUR-01,sanaur,Sanaur,7.12,592,30.7,108.2,watch,ok
2025-07-04T13:00,synthetic-simulated,SNSR-SANAUR-01,sanaur,Sanaur,7.14,597,30.7,103.1,watch,ok
2025-07-04T14:00,synthetic-simulated,SNSR-SANAUR-01,sanaur,Sanaur,7.28,592,30.7,101.9,watch,ok
2025-07-04T15:00,synthetic-simulated,SNSR-SANAUR-01,sanaur,Sanaur,7.14,579,32.2,90.9,watch,ok
2025-07-04T16:00,synthetic-simulated,SNSR-SANAUR-01,sanaur,Sanaur,7.09,575,31.8,77.3,watch,ok
2025-07-04T17:00,synthetic-simulated,SNSR-SANAUR-01,sanaur,Sanaur,7.15,588,31.9,74.3,watch,ok
2025-07-04T18:00,synthetic-simulated,SNSR-SANAUR-01,sanaur,Sanaur,7.04,617,30.3,64.2,watch,ok
2025-07-04T19:00,synthetic-simulated,SNSR-SANAUR-01,sanaur,Sanaur,7.06,579,29.7,74.7,watch,ok
2025-07-04T20:00,synthetic-simulated,SNSR-SANAUR-01,sanaur,Sanaur,7.17,582,29.8,80.0,watch,ok
2025-07-04T21:00,synthetic-simulated,SNSR-SANAUR-01,sanaur,Sanaur,7.15,542,28.5,90.3,watch,ok
2025-07-04T22:00,synthetic-simulated,SNSR-SANAUR-01,sanaur,Sanaur,7.06,626,28.1,98.4,watch,ok
2025-07-04T23:00,synthetic-simulated,SNSR-SANAUR-01,sanaur,Sanaur,7.06,623,27.2,104.5,watch,ok
2025-07-05T00:00,synthetic-simulated,SNSR-SANAUR-01,sanaur,Sanaur,7.15,621,26.1,111.2,watch,ok
2025-07-05T01:00,synthetic-simulated,SNSR-SANAUR-01,sanaur,Sanaur,7.02,623,26.1,100.9,watch,ok
2025-07-05T02:00,synthetic-simulated,SNSR-SANAUR-01,sanaur,Sanaur,7.1,603,25.2,96.3,watch,ok
2025-07-05T03:00,synthetic-simulated,SNSR-SANAUR-01,sanaur,Sanaur,7.11,578,25.8,90.8,watch,ok
2025-07-05T04:00,synthetic-simulated,SNSR-SANAUR-01,sanaur,Sanaur,7.08,574,25.3,89.2,watch,ok
2025-07-05T05:00,synthetic-simulated,SNSR-SANAUR-01,sanaur,Sanaur,7.08,603,25.1,71.6,watch,ok
2025-07-05T06:00,synthetic-simulated,SNSR-SANAUR-01,sanaur,Sanaur,7.04,593,26.0,62.9,watch,ok
2025-07-05T07:00,synthetic-simulated,SNSR-SANAUR-01,sanaur,Sanaur,7.01,620,27.0,78.4,watch,ok
2025-07-05T08:00,synthetic-simulated,SNSR-SANAUR-01,sanaur,Sanaur,7.09,607,27.8,81.0,watch,ok
2025-07-05T09:00,synthetic-simulated,SNSR-SANAUR-01,sanaur,Sanaur,7.19,575,28.2,92.4,watch,ok
2025-07-05T10:00,synthetic-simulated,SNSR-SANAUR-01,sanaur,Sanaur,7.06,585,29.5,92.6,watch,ok
2025-07-05T11:00,synthetic-simulated,SNSR-SANAUR-01,sanaur,Sanaur,7.18,589,29.9,102.5,watch,ok
2025-07-05T12:00,synthetic-simulated,SNSR-SANAUR-01,sanaur,Sanaur,7.18,595,31.1,106.6,watch,ok
2025-07-05T13:00,synthetic-simulated,SNSR-SANAUR-01,sanaur,Sanaur,7.05,605,30.6,102.6,watch,ok
2025-07-05T14:00,synthetic-simulated,SNSR-SANAUR-01,sanaur,Sanaur,7.06,602,31.1,92.4,watch,ok
2025-07-05T15:00,synthetic-simulated,SNSR-SANAUR-01,sanaur,Sanaur,7.1,589,31.1,93.6,watch,ok
2025-07-05T16:00,synthetic-simulated,SNSR-SANAUR-01,sanaur,Sanaur,7.01,598,31.8,80.9,watch,ok
2025-07-05T17:00,synthetic-simulated,SNSR-SANAUR-01,sanaur,Sanaur,7.13,607,30.8,75.8,watch,ok
2025-07-05T18:00,synthetic-simulated,SNSR-SANAUR-01,sanaur,Sanaur,7.0,632,30.6,59.8,watch,ok
2025-07-05T19:00,synthetic-simulated,SNSR-SANAUR-01,sanaur,Sanaur,7.16,591,29.7,75.0,watch,ok
2025-07-05T20:00,synthetic-simulated,SNSR-SANAUR-01,sanaur,Sanaur,7.13,596,29.3,82.4,watch,ok
2025-07-05T21:00,synthetic-simulated,SNSR-SANAUR-01,sanaur,Sanaur,7.23,609,28.5,89.4,watch,ok
2025-07-05T22:00,synthetic-simulated,SNSR-SANAUR-01,sanaur,Sanaur,7.2,578,27.4,95.0,watch,ok
2025-07-05T23:00,synthetic-simulated,SNSR-SANAUR-01,sanaur,Sanaur,7.11,620,26.9,101.5,watch,ok
2025-06-22T00:00,synthetic-simulated,SNSR-SAMANA-01,samana,Samana,7.25,656,26.0,110.9,safe,ok
2025-06-22T01:00,synthetic-simulated,SNSR-SAMANA-01,samana,Samana,7.15,614,25.2,101.4,watch,ok
2025-06-22T02:00,synthetic-simulated,SNSR-SAMANA-01,samana,Samana,7.15,641,25.6,92.6,watch,ok
2025-06-22T03:00,synthetic-simulated,SNSR-SAMANA-01,samana,Samana,7.19,635,24.8,87.2,watch,ok
2025-06-22T04:00,synthetic-simulated,SNSR-SAMANA-01,samana,Samana,7.16,661,25.1,79.7,safe,ok
2025-06-22T05:00,synthetic-simulated,SNSR-SAMANA-01,samana,Samana,7.19,644,25.8,70.3,watch,ok
2025-06-22T06:00,synthetic-simulated,SNSR-SAMANA-01,samana,Samana,7.17,624,25.9,64.8,watch,ok
2025-06-22T07:00,synthetic-simulated,SNSR-SAMANA-01,samana,Samana,7.23,625,26.8,73.0,watch,ok
2025-06-22T08:00,synthetic-simulated,SNSR-SAMANA-01,samana,Samana,7.2,634,27.0,79.0,watch,ok
2025-06-22T09:00,synthetic-simulated,SNSR-SAMANA-01,samana,Samana,7.16,626,28.2,91.5,watch,ok
2025-06-22T10:00,synthetic-simulated,SNSR-SAMANA-01,samana,Samana,7.16,645,28.9,92.8,watch,ok
2025-06-22T11:00,synthetic-simulated,SNSR-SAMANA-01,samana,Samana,7.19,647,30.3,98.7,watch,ok
2025-06-22T12:00,synthetic-simulated,SNSR-SAMANA-01,samana,Samana,7.21,664,30.9,109.1,safe,ok
2025-06-22T13:00,synthetic-simulated,SNSR-SAMANA-01,samana,Samana,7.16,633,30.4,101.7,watch,ok
2025-06-22T14:00,synthetic-simulated,SNSR-SAMANA-01,samana,Samana,7.13,653,30.7,98.0,safe,ok
2025-06-22T15:00,synthetic-simulated,SNSR-SAMANA-01,samana,Samana,7.19,652,31.6,87.8,safe,ok
2025-06-22T16:00,synthetic-simulated,SNSR-SAMANA-01,samana,Samana,7.15,645,31.1,74.4,watch,ok
2025-06-22T17:00,synthetic-simulated,SNSR-SAMANA-01,samana,Samana,7.18,646,31.0,73.8,watch,ok
2025-06-22T18:00,synthetic-simulated,SNSR-SAMANA-01,samana,Samana,7.15,637,30.2,66.4,watch,ok
2025-06-22T19:00,synthetic-simulated,SNSR-SAMANA-01,samana,Samana,7.24,643,29.6,68.5,watch,ok
2025-06-22T20:00,synthetic-simulated,SNSR-SAMANA-01,samana,Samana,7.14,644,28.8,81.8,watch,ok
2025-06-22T21:00,synthetic-simulated,SNSR-SAMANA-01,samana,Samana,7.33,637,28.4,89.5,watch,ok
2025-06-22T22:00,synthetic-simulated,SNSR-SAMANA-01,samana,Samana,7.16,621,27.3,99.7,watch,ok
2025-06-22T23:00,synthetic-simulated,SNSR-SAMANA-01,samana,Samana,7.23,634,26.6,100.3,watch,ok
2025-06-23T00:00,synthetic-simulated,SNSR-SAMANA-01,samana,Samana,7.09,644,26.4,108.0,watch,ok
2025-06-23T01:00,synthetic-simulated,SNSR-SAMANA-01,samana,Samana,7.16,630,25.3,103.2,watch,ok
2025-06-23T02:00,synthetic-simulated,SNSR-SAMANA-01,samana,Samana,7.26,660,25.3,93.4,safe,ok
2025-06-23T03:00,synthetic-simulated,SNSR-SAMANA-01,samana,Samana,7.16,641,24.6,91.2,watch,ok
2025-06-23T04:00,synthetic-simulated,SNSR-SAMANA-01,samana,Samana,7.19,621,25.0,82.1,watch,ok
2025-06-23T05:00,synthetic-simulated,SNSR-SAMANA-01,samana,Samana,7.19,609,25.4,70.7,watch,ok
2025-06-23T06:00,synthetic-simulated,SNSR-SAMANA-01,samana,Samana,7.16,631,26.7,65.2,watch,ok
2025-06-23T07:00,synthetic-simulated,SNSR-SAMANA-01,samana,Samana,7.26,645,26.4,71.9,watch,ok
2025-06-23T08:00,synthetic-simulated,SNSR-SAMANA-01,samana,Samana,7.18,669,26.7,77.9,safe,ok
2025-06-23T09:00,synthetic-simulated,SNSR-SAMANA-01,samana,Samana,7.18,682,28.4,83.4,safe,ok
2025-06-23T10:00,synthetic-simulated,SNSR-SAMANA-01,samana,Samana,7.2,671,28.1,93.7,safe,ok
2025-06-23T11:00,synthetic-simulated,SNSR-SAMANA-01,samana,Samana,7.2,671,30.3,107.0,safe,ok
2025-06-23T12:00,synthetic-simulated,SNSR-SAMANA-01,samana,Samana,7.2,607,31.0,110.2,watch,ok
2025-06-23T13:00,synthetic-simulated,SNSR-SAMANA-01,samana,Samana,7.21,646,30.7,103.5,watch,ok
2025-06-23T14:00,synthetic-simulated,SNSR-SAMANA-01,samana,Samana,7.23,638,31.3,90.6,watch,ok
2025-06-23T15:00,synthetic-simulated,SNSR-SAMANA-01,samana,Samana,7.17,658,31.4,83.3,safe,ok
2025-06-23T16:00,synthetic-simulated,SNSR-SAMANA-01,samana,Samana,7.2,636,31.1,78.6,watch,ok
2025-06-23T17:00,synthetic-simulated,SNSR-SAMANA-01,samana,Samana,7.23,639,30.8,74.3,watch,ok
2025-06-23T18:00,synthetic-simulated,SNSR-SAMANA-01,samana,Samana,7.19,640,30.8,64.6,watch,ok
2025-06-23T19:00,synthetic-simulated,SNSR-SAMANA-01,samana,Samana,7.18,649,29.7,73.9,watch,ok
2025-06-23T20:00,synthetic-simulated,SNSR-SAMANA-01,samana,Samana,7.2,637,28.2,77.9,watch,ok
2025-06-23T21:00,synthetic-simulated,SNSR-SAMANA-01,samana,Samana,7.18,633,28.5,86.3,watch,ok
2025-06-23T22:00,synthetic-simulated,SNSR-SAMANA-01,samana,Samana,7.27,629,27.8,93.4,watch,ok
2025-06-23T23:00,synthetic-simulated,SNSR-SAMANA-01,samana,Samana,7.21,635,26.1,101.0,watch,ok
2025-06-24T00:00,synthetic-simulated,SNSR-SAMANA-01,samana,Samana,7.1,653,26.0,111.3,safe,ok
2025-06-24T01:00,synthetic-simulated,SNSR-SAMANA-01,samana,Samana,7.23,656,25.9,103.7,safe,ok
2025-06-24T02:00,synthetic-simulated,SNSR-SAMANA-01,samana,Samana,7.19,632,24.9,97.7,watch,ok
2025-06-24T03:00,synthetic-simulated,SNSR-SAMANA-01,samana,Samana,7.26,654,25.1,89.1,safe,ok
2025-06-24T04:00,synthetic-simulated,SNSR-SAMANA-01,samana,Samana,7.22,635,24.6,80.2,watch,ok
2025-06-24T05:00,synthetic-simulated,SNSR-SAMANA-01,samana,Samana,7.12,620,25.7,75.3,watch,ok
2025-06-24T06:00,synthetic-simulated,SNSR-SAMANA-01,samana,Samana,7.19,637,25.8,65.8,watch,ok
2025-06-24T07:00,synthetic-simulated,SNSR-SAMANA-01,samana,Samana,7.19,643,26.7,72.2,watch,ok
2025-06-24T08:00,synthetic-simulated,SNSR-SAMANA-01,samana,Samana,7.12,660,27.5,79.5,safe,ok
2025-06-24T09:00,synthetic-simulated,SNSR-SAMANA-01,samana,Samana,7.2,661,28.6,83.5,safe,ok
2025-06-24T10:00,synthetic-simulated,SNSR-SAMANA-01,samana,Samana,7.13,620,28.8,94.1,watch,ok
2025-06-24T11:00,synthetic-simulated,SNSR-SAMANA-01,samana,Samana,7.26,618,30.0,101.8,watch,ok
2025-06-24T12:00,synthetic-simulated,SNSR-SAMANA-01,samana,Samana,7.2,634,30.5,113.6,watch,ok
2025-06-24T13:00,synthetic-simulated,SNSR-SAMANA-01,samana,Samana,7.18,640,30.2,104.8,watch,ok
2025-06-24T14:00,synthetic-simulated,SNSR-SAMANA-01,samana,Samana,7.17,659,31.9,98.0,safe,ok
2025-06-24T15:00,synthetic-simulated,SNSR-SAMANA-01,samana,Samana,7.1,649,31.5,87.7,watch,ok
2025-06-24T16:00,synthetic-simulated,SNSR-SAMANA-01,samana,Samana,7.21,639,31.8,79.2,watch,ok
2025-06-24T17:00,synthetic-simulated,SNSR-SAMANA-01,samana,Samana,7.22,646,30.7,77.4,watch,ok
2025-06-24T18:00,synthetic-simulated,SNSR-SAMANA-01,samana,Samana,7.2,649,30.1,61.3,watch,ok
2025-06-24T19:00,synthetic-simulated,SNSR-SAMANA-01,samana,Samana,7.16,635,29.3,74.4,watch,ok
2025-06-24T20:00,synthetic-simulated,SNSR-SAMANA-01,samana,Samana,7.17,638,28.9,80.8,watch,ok
2025-06-24T21:00,synthetic-simulated,SNSR-SAMANA-01,samana,Samana,7.12,630,28.8,85.6,watch,ok
2025-06-24T22:00,synthetic-simulated,SNSR-SAMANA-01,samana,Samana,7.18,628,28.3,91.1,watch,ok
2025-06-24T23:00,synthetic-simulated,SNSR-SAMANA-01,samana,Samana,7.21,623,26.4,105.4,watch,ok
2025-06-25T00:00,synthetic-simulated,SNSR-SAMANA-01,samana,Samana,7.17,633,26.1,105.6,watch,ok
2025-06-25T01:00,synthetic-simulated,SNSR-SAMANA-01,samana,Samana,7.15,633,24.5,102.0,watch,ok
2025-06-25T02:00,synthetic-simulated,SNSR-SAMANA-01,samana,Samana,7.27,664,25.3,92.7,safe,ok
2025-06-25T03:00,synthetic-simulated,SNSR-SAMANA-01,samana,Samana,7.17,638,25.0,91.2,watch,ok
2025-06-25T04:00,synthetic-simulated,SNSR-SAMANA-01,samana,Samana,7.18,642,25.3,76.0,watch,ok
2025-06-25T05:00,synthetic-simulated,SNSR-SAMANA-01,samana,Samana,7.21,623,24.6,77.9,watch,ok
2025-06-25T06:00,synthetic-simulated,SNSR-SAMANA-01,samana,Samana,7.15,681,26.9,71.6,safe,ok
2025-06-25T07:00,synthetic-simulated,SNSR-SAMANA-01,samana,Samana,7.27,649,26.6,77.8,watch,ok
2025-06-25T08:00,synthetic-simulated,SNSR-SAMANA-01,samana,Samana,7.15,627,27.4,79.5,watch,ok
2025-06-25T09:00,synthetic-simulated,SNSR-SAMANA-01,samana,Samana,7.2,672,27.7,91.6,safe,ok
2025-06-25T10:00,synthetic-simulated,SNSR-SAMANA-01,samana,Samana,7.11,630,29.5,96.9,watch,ok
2025-06-25T11:00,synthetic-simulated,SNSR-SAMANA-01,samana,Samana,7.23,638,29.8,108.3,watch,ok
2025-06-25T12:00,synthetic-simulated,SNSR-SAMANA-01,samana,Samana,7.21,633,30.3,112.1,watch,ok
2025-06-25T13:00,synthetic-simulated,SNSR-SAMANA-01,samana,Samana,7.2,636,30.4,100.7,watch,ok
2025-06-25T14:00,synthetic-simulated,SNSR-SAMANA-01,samana,Samana,7.19,632,31.9,95.1,watch,ok
2025-06-25T15:00,synthetic-simulated,SNSR-SAMANA-01,samana,Samana,7.27,609,31.7,87.9,watch,ok
2025-06-25T16:00,synthetic-simulated,SNSR-SAMANA-01,samana,Samana,7.19,667,31.2,81.0,safe,ok
2025-06-25T17:00,synthetic-simulated,SNSR-SAMANA-01,samana,Samana,7.13,617,30.6,75.0,watch,ok
2025-06-25T18:00,synthetic-simulated,SNSR-SAMANA-01,samana,Samana,7.19,626,30.4,64.9,watch,ok
2025-06-25T19:00,synthetic-simulated,SNSR-SAMANA-01,samana,Samana,7.14,624,29.5,72.8,watch,ok
2025-06-25T20:00,synthetic-simulated,SNSR-SAMANA-01,samana,Samana,,,,,,dropout
2025-06-25T21:00,synthetic-simulated,SNSR-SAMANA-01,samana,Samana,7.2,634,28.7,94.3,watch,ok
2025-06-25T22:00,synthetic-simulated,SNSR-SAMANA-01,samana,Samana,7.13,651,27.6,89.9,safe,ok
2025-06-25T23:00,synthetic-simulated,SNSR-SAMANA-01,samana,Samana,7.22,646,26.8,105.4,watch,ok
2025-06-26T00:00,synthetic-simulated,SNSR-SAMANA-01,samana,Samana,7.25,630,25.9,111.8,watch,ok
2025-06-26T01:00,synthetic-simulated,SNSR-SAMANA-01,samana,Samana,7.2,629,25.7,98.1,watch,ok
2025-06-26T02:00,synthetic-simulated,SNSR-SAMANA-01,samana,Samana,7.13,651,25.5,96.4,safe,ok
2025-06-26T03:00,synthetic-simulated,SNSR-SAMANA-01,samana,Samana,7.2,648,25.1,90.1,watch,ok
2025-06-26T04:00,synthetic-simulated,SNSR-SAMANA-01,samana,Samana,7.14,644,25.2,79.1,watch,ok
2025-06-26T05:00,synthetic-simulated,SNSR-SAMANA-01,samana,Samana,7.21,660,25.7,68.6,safe,ok
2025-06-26T06:00,synthetic-simulated,SNSR-SAMANA-01,samana,Samana,7.21,667,26.1,62.6,safe,ok
2025-06-26T07:00,synthetic-simulated,SNSR-SAMANA-01,samana,Samana,7.22,626,27.5,78.4,watch,ok
2025-06-26T08:00,synthetic-simulated,SNSR-SAMANA-01,samana,Samana,7.12,636,27.4,80.6,watch,ok
2025-06-26T09:00,synthetic-simulated,SNSR-SAMANA-01,samana,Samana,7.29,617,28.2,90.9,watch,ok
2025-06-26T10:00,synthetic-simulated,SNSR-SAMANA-01,samana,Samana,7.17,662,29.0,94.7,safe,ok
2025-06-26T11:00,synthetic-simulated,SNSR-SAMANA-01,samana,Samana,7.2,615,29.9,104.3,watch,ok
2025-06-26T12:00,synthetic-simulated,SNSR-SAMANA-01,samana,Samana,7.08,621,30.6,112.6,watch,ok
2025-06-26T13:00,synthetic-simulated,SNSR-SAMANA-01,samana,Samana,7.35,627,30.8,102.6,watch,ok
2025-06-26T14:00,synthetic-simulated,SNSR-SAMANA-01,samana,Samana,7.23,637,30.7,94.1,watch,ok
2025-06-26T15:00,synthetic-simulated,SNSR-SAMANA-01,samana,Samana,7.12,647,31.6,88.2,watch,ok
2025-06-26T16:00,synthetic-simulated,SNSR-SAMANA-01,samana,Samana,7.14,637,30.9,81.1,watch,ok
2025-06-26T17:00,synthetic-simulated,SNSR-SAMANA-01,samana,Samana,,,,,,dropout
2025-06-26T18:00,synthetic-simulated,SNSR-SAMANA-01,samana,Samana,7.23,646,30.3,66.2,watch,ok
2025-06-26T19:00,synthetic-simulated,SNSR-SAMANA-01,samana,Samana,7.18,653,29.4,72.9,safe,ok
2025-06-26T20:00,synthetic-simulated,SNSR-SAMANA-01,samana,Samana,7.17,631,28.7,81.4,watch,ok
2025-06-26T21:00,synthetic-simulated,SNSR-SAMANA-01,samana,Samana,7.25,672,28.9,83.6,safe,ok
2025-06-26T22:00,synthetic-simulated,SNSR-SAMANA-01,samana,Samana,7.24,648,27.6,96.6,watch,ok
2025-06-26T23:00,synthetic-simulated,SNSR-SAMANA-01,samana,Samana,7.22,626,27.0,103.9,watch,ok
2025-06-27T00:00,synthetic-simulated,SNSR-SAMANA-01,samana,Samana,7.24,627,25.9,107.6,watch,ok
2025-06-27T01:00,synthetic-simulated,SNSR-SAMANA-01,samana,Samana,7.23,652,25.7,101.8,safe,ok
2025-06-27T02:00,synthetic-simulated,SNSR-SAMANA-01,samana,Samana,7.16,627,25.2,99.0,watch,ok
2025-06-27T03:00,synthetic-simulated,SNSR-SAMANA-01,samana,Samana,7.2,625,25.2,93.0,watch,ok
2025-06-27T04:00,synthetic-simulated,SNSR-SAMANA-01,samana,Samana,7.32,651,24.7,79.6,safe,ok
2025-06-27T05:00,synthetic-simulated,SNSR-SAMANA-01,samana,Samana,7.2,641,24.9,74.9,watch,ok
2025-06-27T06:00,synthetic-simulated,SNSR-SAMANA-01,samana,Samana,7.22,623,25.8,63.7,watch,ok
2025-06-27T07:00,synthetic-simulated,SNSR-SAMANA-01,samana,Samana,7.14,655,26.4,71.7,safe,ok
2025-06-27T08:00,synthetic-simulated,SNSR-SAMANA-01,samana,Samana,7.22,631,27.1,75.7,watch,ok
2025-06-27T09:00,synthetic-simulated,SNSR-SAMANA-01,samana,Samana,7.23,633,27.8,86.1,watch,ok
2025-06-27T10:00,synthetic-simulated,SNSR-SAMANA-01,samana,Samana,7.11,678,28.9,98.4,safe,ok
2025-06-27T11:00,synthetic-simulated,SNSR-SAMANA-01,samana,Samana,7.23,659,29.4,100.7,safe,ok
2025-06-27T12:00,synthetic-simulated,SNSR-SAMANA-01,samana,Samana,7.15,654,30.6,108.1,safe,ok
2025-06-27T13:00,synthetic-simulated,SNSR-SAMANA-01,samana,Samana,7.24,633,31.6,100.5,watch,ok
2025-06-27T14:00,synthetic-simulated,SNSR-SAMANA-01,samana,Samana,7.24,634,32.4,92.7,watch,ok
2025-06-27T15:00,synthetic-simulated,SNSR-SAMANA-01,samana,Samana,7.19,651,31.8,87.6,safe,ok
2025-06-27T16:00,synthetic-simulated,SNSR-SAMANA-01,samana,Samana,7.19,626,30.8,78.8,watch,ok
2025-06-27T17:00,synthetic-simulated,SNSR-SAMANA-01,samana,Samana,7.13,627,31.0,72.5,watch,ok
2025-06-27T18:00,synthetic-simulated,SNSR-SAMANA-01,samana,Samana,7.23,647,30.8,64.7,watch,ok
2025-06-27T19:00,synthetic-simulated,SNSR-SAMANA-01,samana,Samana,7.23,631,30.0,73.0,watch,ok
2025-06-27T20:00,synthetic-simulated,SNSR-SAMANA-01,samana,Samana,7.21,636,28.6,77.9,watch,ok
2025-06-27T21:00,synthetic-simulated,SNSR-SAMANA-01,samana,Samana,7.18,652,28.3,84.6,safe,ok
2025-06-27T22:00,synthetic-simulated,SNSR-SAMANA-01,samana,Samana,7.32,640,28.0,96.5,watch,ok
2025-06-27T23:00,synthetic-simulated,SNSR-SAMANA-01,samana,Samana,7.15,642,25.7,105.0,watch,ok
2025-06-28T00:00,synthetic-simulated,SNSR-SAMANA-01,samana,Samana,7.16,659,25.7,110.6,safe,ok
2025-06-28T01:00,synthetic-simulated,SNSR-SAMANA-01,samana,Samana,7.17,637,25.1,100.9,watch,ok
2025-06-28T02:00,synthetic-simulated,SNSR-SAMANA-01,samana,Samana,7.18,663,25.2,98.0,safe,ok
2025-06-28T03:00,synthetic-simulated,SNSR-SAMANA-01,samana,Samana,7.25,638,24.8,92.5,watch,ok
2025-06-28T04:00,synthetic-simulated,SNSR-SAMANA-01,samana,Samana,7.15,626,24.8,77.9,watch,ok
2025-06-28T05:00,synthetic-simulated,SNSR-SAMANA-01,samana,Samana,7.14,649,25.7,68.9,watch,ok
2025-06-28T06:00,synthetic-simulated,SNSR-SAMANA-01,samana,Samana,7.19,645,25.8,65.9,watch,ok
2025-06-28T07:00,synthetic-simulated,SNSR-SAMANA-01,samana,Samana,7.27,625,26.9,72.3,watch,ok
2025-06-28T08:00,synthetic-simulated,SNSR-SAMANA-01,samana,Samana,7.22,626,27.2,77.1,watch,ok
2025-06-28T09:00,synthetic-simulated,SNSR-SAMANA-01,samana,Samana,7.2,632,28.7,87.6,watch,ok
2025-06-28T10:00,synthetic-simulated,SNSR-SAMANA-01,samana,Samana,7.21,639,28.9,95.3,watch,ok
2025-06-28T11:00,synthetic-simulated,SNSR-SAMANA-01,samana,Samana,7.08,624,30.2,102.4,watch,ok
2025-06-28T12:00,synthetic-simulated,SNSR-SAMANA-01,samana,Samana,7.25,634,29.8,110.1,watch,ok
2025-06-28T13:00,synthetic-simulated,SNSR-SAMANA-01,samana,Samana,7.16,637,31.0,105.6,watch,ok
2025-06-28T14:00,synthetic-simulated,SNSR-SAMANA-01,samana,Samana,7.22,642,30.7,91.9,watch,ok
2025-06-28T15:00,synthetic-simulated,SNSR-SAMANA-01,samana,Samana,7.26,646,31.9,85.4,watch,ok
2025-06-28T16:00,synthetic-simulated,SNSR-SAMANA-01,samana,Samana,7.22,599,31.9,77.8,watch,ok
2025-06-28T17:00,synthetic-simulated,SNSR-SAMANA-01,samana,Samana,7.13,624,31.3,81.6,watch,ok
2025-06-28T18:00,synthetic-simulated,SNSR-SAMANA-01,samana,Samana,7.27,598,30.0,68.0,watch,ok
2025-06-28T19:00,synthetic-simulated,SNSR-SAMANA-01,samana,Samana,7.29,629,29.9,71.3,watch,ok
2025-06-28T20:00,synthetic-simulated,SNSR-SAMANA-01,samana,Samana,7.18,646,28.9,81.3,watch,ok
2025-06-28T21:00,synthetic-simulated,SNSR-SAMANA-01,samana,Samana,7.22,637,28.5,90.6,watch,ok
2025-06-28T22:00,synthetic-simulated,SNSR-SAMANA-01,samana,Samana,7.16,637,27.3,99.9,watch,ok
2025-06-28T23:00,synthetic-simulated,SNSR-SAMANA-01,samana,Samana,7.18,664,26.5,101.5,safe,ok
2025-06-29T00:00,synthetic-simulated,SNSR-SAMANA-01,samana,Samana,7.2,660,26.7,113.6,safe,ok
2025-06-29T01:00,synthetic-simulated,SNSR-SAMANA-01,samana,Samana,7.11,642,25.2,98.8,watch,ok
2025-06-29T02:00,synthetic-simulated,SNSR-SAMANA-01,samana,Samana,7.18,627,24.8,96.4,watch,ok
2025-06-29T03:00,synthetic-simulated,SNSR-SAMANA-01,samana,Samana,7.18,629,25.1,87.3,watch,ok
2025-06-29T04:00,synthetic-simulated,SNSR-SAMANA-01,samana,Samana,7.29,640,24.4,80.2,watch,ok
2025-06-29T05:00,synthetic-simulated,SNSR-SAMANA-01,samana,Samana,7.12,620,25.4,73.5,watch,ok
2025-06-29T06:00,synthetic-simulated,SNSR-SAMANA-01,samana,Samana,7.22,643,26.4,67.6,watch,ok
2025-06-29T07:00,synthetic-simulated,SNSR-SAMANA-01,samana,Samana,7.29,630,26.5,75.3,watch,ok
2025-06-29T08:00,synthetic-simulated,SNSR-SAMANA-01,samana,Samana,7.2,638,27.0,79.3,watch,ok
2025-06-29T09:00,synthetic-simulated,SNSR-SAMANA-01,samana,Samana,7.15,660,28.3,91.0,safe,ok
2025-06-29T10:00,synthetic-simulated,SNSR-SAMANA-01,samana,Samana,7.2,646,30.0,98.6,watch,ok
2025-06-29T11:00,synthetic-simulated,SNSR-SAMANA-01,samana,Samana,7.18,650,29.7,101.7,safe,ok
2025-06-29T12:00,synthetic-simulated,SNSR-SAMANA-01,samana,Samana,7.25,647,30.5,109.1,watch,ok
2025-06-29T13:00,synthetic-simulated,SNSR-SAMANA-01,samana,Samana,7.27,642,30.8,106.1,watch,ok
2025-06-29T14:00,synthetic-simulated,SNSR-SAMANA-01,samana,Samana,7.2,647,31.7,96.3,watch,ok
2025-06-29T15:00,synthetic-simulated,SNSR-SAMANA-01,samana,Samana,7.2,657,32.0,80.7,safe,ok
2025-06-29T16:00,synthetic-simulated,SNSR-SAMANA-01,samana,Samana,7.21,623,31.4,82.7,watch,ok
2025-06-29T17:00,synthetic-simulated,SNSR-SAMANA-01,samana,Samana,7.3,656,30.7,75.8,safe,ok
2025-06-29T18:00,synthetic-simulated,SNSR-SAMANA-01,samana,Samana,7.32,651,31.3,67.4,safe,ok
2025-06-29T19:00,synthetic-simulated,SNSR-SAMANA-01,samana,Samana,,,,,,dropout
2025-06-29T20:00,synthetic-simulated,SNSR-SAMANA-01,samana,Samana,7.23,634,28.4,79.0,watch,ok
2025-06-29T21:00,synthetic-simulated,SNSR-SAMANA-01,samana,Samana,7.11,646,27.9,88.1,watch,ok
2025-06-29T22:00,synthetic-simulated,SNSR-SAMANA-01,samana,Samana,7.17,652,27.0,94.5,safe,ok
2025-06-29T23:00,synthetic-simulated,SNSR-SAMANA-01,samana,Samana,7.22,622,26.6,101.4,watch,ok
2025-06-30T00:00,synthetic-simulated,SNSR-SAMANA-01,samana,Samana,7.12,652,26.0,107.0,safe,ok
2025-06-30T01:00,synthetic-simulated,SNSR-SAMANA-01,samana,Samana,7.19,640,25.0,100.4,watch,ok
2025-06-30T02:00,synthetic-simulated,SNSR-SAMANA-01,samana,Samana,7.13,633,25.9,95.0,watch,ok
2025-06-30T03:00,synthetic-simulated,SNSR-SAMANA-01,samana,Samana,7.17,681,24.6,86.5,safe,ok
2025-06-30T04:00,synthetic-simulated,SNSR-SAMANA-01,samana,Samana,7.27,628,25.6,79.0,watch,ok
2025-06-30T05:00,synthetic-simulated,SNSR-SAMANA-01,samana,Samana,7.08,640,25.5,72.0,watch,ok
2025-06-30T06:00,synthetic-simulated,SNSR-SAMANA-01,samana,Samana,7.21,663,25.9,66.6,safe,ok
2025-06-30T07:00,synthetic-simulated,SNSR-SAMANA-01,samana,Samana,7.16,621,26.3,74.5,watch,ok
2025-06-30T08:00,synthetic-simulated,SNSR-SAMANA-01,samana,Samana,7.18,638,26.8,82.1,watch,ok
2025-06-30T09:00,synthetic-simulated,SNSR-SAMANA-01,samana,Samana,7.29,626,28.4,86.9,watch,ok
2025-06-30T10:00,synthetic-simulated,SNSR-SAMANA-01,samana,Samana,7.13,660,29.3,96.6,safe,ok
2025-06-30T11:00,synthetic-simulated,SNSR-SAMANA-01,samana,Samana,7.19,653,29.9,103.9,safe,ok
2025-06-30T12:00,synthetic-simulated,SNSR-SAMANA-01,samana,Samana,7.17,639,30.2,105.9,watch,ok
2025-06-30T13:00,synthetic-simulated,SNSR-SAMANA-01,samana,Samana,7.12,658,30.8,107.8,safe,ok
2025-06-30T14:00,synthetic-simulated,SNSR-SAMANA-01,samana,Samana,7.12,644,31.4,96.1,watch,ok
2025-06-30T15:00,synthetic-simulated,SNSR-SAMANA-01,samana,Samana,7.3,640,31.3,86.9,watch,ok
2025-06-30T16:00,synthetic-simulated,SNSR-SAMANA-01,samana,Samana,7.22,636,31.3,76.8,watch,ok
2025-06-30T17:00,synthetic-simulated,SNSR-SAMANA-01,samana,Samana,7.21,622,30.6,72.5,watch,ok
2025-06-30T18:00,synthetic-simulated,SNSR-SAMANA-01,samana,Samana,7.22,620,30.5,63.2,watch,ok
2025-06-30T19:00,synthetic-simulated,SNSR-SAMANA-01,samana,Samana,7.2,647,29.7,71.1,watch,ok
2025-06-30T20:00,synthetic-simulated,SNSR-SAMANA-01,samana,Samana,7.22,665,28.9,77.9,safe,ok
2025-06-30T21:00,synthetic-simulated,SNSR-SAMANA-01,samana,Samana,7.16,629,28.8,88.6,watch,ok
2025-06-30T22:00,synthetic-simulated,SNSR-SAMANA-01,samana,Samana,7.16,652,27.3,96.1,safe,ok
2025-06-30T23:00,synthetic-simulated,SNSR-SAMANA-01,samana,Samana,7.18,653,26.8,95.8,safe,ok
2025-07-01T00:00,synthetic-simulated,SNSR-SAMANA-01,samana,Samana,7.22,635,26.3,114.7,watch,ok
2025-07-01T01:00,synthetic-simulated,SNSR-SAMANA-01,samana,Samana,7.2,646,25.4,105.6,watch,ok
2025-07-01T02:00,synthetic-simulated,SNSR-SAMANA-01,samana,Samana,7.16,626,24.8,93.4,watch,ok
2025-07-01T03:00,synthetic-simulated,SNSR-SAMANA-01,samana,Samana,7.3,641,25.3,85.6,watch,ok
2025-07-01T04:00,synthetic-simulated,SNSR-SAMANA-01,samana,Samana,,,,,,dropout
2025-07-01T05:00,synthetic-simulated,SNSR-SAMANA-01,samana,Samana,7.25,655,25.5,68.2,safe,ok
2025-07-01T06:00,synthetic-simulated,SNSR-SAMANA-01,samana,Samana,7.2,653,26.5,61.7,safe,ok
2025-07-01T07:00,synthetic-simulated,SNSR-SAMANA-01,samana,Samana,7.19,635,26.3,72.5,watch,ok
2025-07-01T08:00,synthetic-simulated,SNSR-SAMANA-01,samana,Samana,7.18,666,27.3,77.5,safe,ok
2025-07-01T09:00,synthetic-simulated,SNSR-SAMANA-01,samana,Samana,7.15,646,28.1,87.3,watch,ok
2025-07-01T10:00,synthetic-simulated,SNSR-SAMANA-01,samana,Samana,7.27,656,29.5,96.5,safe,ok
2025-07-01T11:00,synthetic-simulated,SNSR-SAMANA-01,samana,Samana,7.19,639,30.1,104.7,watch,ok
2025-07-01T12:00,synthetic-simulated,SNSR-SAMANA-01,samana,Samana,7.12,635,30.3,111.8,watch,ok
2025-07-01T13:00,synthetic-simulated,SNSR-SAMANA-01,samana,Samana,7.28,633,31.2,101.8,watch,ok
2025-07-01T14:00,synthetic-simulated,SNSR-SAMANA-01,samana,Samana,7.21,605,30.9,93.6,watch,ok
2025-07-01T15:00,synthetic-simulated,SNSR-SAMANA-01,samana,Samana,7.24,646,31.3,88.5,watch,ok
2025-07-01T16:00,synthetic-simulated,SNSR-SAMANA-01,samana,Samana,7.13,666,31.6,81.2,safe,ok
2025-07-01T17:00,synthetic-simulated,SNSR-SAMANA-01,samana,Samana,7.22,630,31.2,74.9,watch,ok
2025-07-01T18:00,synthetic-simulated,SNSR-SAMANA-01,samana,Samana,7.35,654,30.4,65.5,safe,ok
2025-07-01T19:00,synthetic-simulated,SNSR-SAMANA-01,samana,Samana,7.16,615,29.8,73.6,watch,ok
2025-07-01T20:00,synthetic-simulated,SNSR-SAMANA-01,samana,Samana,7.21,647,29.8,79.9,watch,ok
2025-07-01T21:00,synthetic-simulated,SNSR-SAMANA-01,samana,Samana,7.25,629,27.8,84.9,watch,ok
2025-07-01T22:00,synthetic-simulated,SNSR-SAMANA-01,samana,Samana,7.19,668,27.4,97.1,safe,ok
2025-07-01T23:00,synthetic-simulated,SNSR-SAMANA-01,samana,Samana,7.28,646,27.2,100.5,watch,ok
2025-07-02T00:00,synthetic-simulated,SNSR-SAMANA-01,samana,Samana,7.21,617,25.7,107.9,watch,ok
2025-07-02T01:00,synthetic-simulated,SNSR-SAMANA-01,samana,Samana,7.21,645,26.0,104.0,watch,ok
2025-07-02T02:00,synthetic-simulated,SNSR-SAMANA-01,samana,Samana,7.3,659,25.0,95.8,safe,ok
2025-07-02T03:00,synthetic-simulated,SNSR-SAMANA-01,samana,Samana,7.25,635,24.9,87.2,watch,ok
2025-07-02T04:00,synthetic-simulated,SNSR-SAMANA-01,samana,Samana,7.23,653,25.3,78.0,safe,ok
2025-07-02T05:00,synthetic-simulated,SNSR-SAMANA-01,samana,Samana,7.12,664,25.7,72.2,safe,ok
2025-07-02T06:00,synthetic-simulated,SNSR-SAMANA-01,samana,Samana,7.18,654,25.5,63.5,safe,ok
2025-07-02T07:00,synthetic-simulated,SNSR-SAMANA-01,samana,Samana,7.24,646,26.7,77.7,watch,ok
2025-07-02T08:00,synthetic-simulated,SNSR-SAMANA-01,samana,Samana,7.26,617,28.5,79.2,watch,ok
2025-07-02T09:00,synthetic-simulated,SNSR-SAMANA-01,samana,Samana,7.2,634,28.4,85.9,watch,ok
2025-07-02T10:00,synthetic-simulated,SNSR-SAMANA-01,samana,Samana,7.19,650,29.1,95.0,safe,ok
2025-07-02T11:00,synthetic-simulated,SNSR-SAMANA-01,samana,Samana,7.16,654,29.9,98.4,safe,ok
2025-07-02T12:00,synthetic-simulated,SNSR-SAMANA-01,samana,Samana,7.15,630,29.9,104.8,watch,ok
2025-07-02T13:00,synthetic-simulated,SNSR-SAMANA-01,samana,Samana,7.08,623,30.7,101.2,watch,ok
2025-07-02T14:00,synthetic-simulated,SNSR-SAMANA-01,samana,Samana,7.19,628,32.1,95.1,watch,ok
2025-07-02T15:00,synthetic-simulated,SNSR-SAMANA-01,samana,Samana,7.22,643,31.6,90.5,watch,ok
2025-07-02T16:00,synthetic-simulated,SNSR-SAMANA-01,samana,Samana,,,,,,dropout
2025-07-02T17:00,synthetic-simulated,SNSR-SAMANA-01,samana,Samana,7.23,634,31.0,67.0,watch,ok
2025-07-02T18:00,synthetic-simulated,SNSR-SAMANA-01,samana,Samana,7.21,613,30.4,62.1,watch,ok
2025-07-02T19:00,synthetic-simulated,SNSR-SAMANA-01,samana,Samana,7.12,653,30.3,71.9,safe,ok
2025-07-02T20:00,synthetic-simulated,SNSR-SAMANA-01,samana,Samana,7.21,638,28.9,81.3,watch,ok
2025-07-02T21:00,synthetic-simulated,SNSR-SAMANA-01,samana,Samana,7.17,660,28.9,86.6,safe,ok
2025-07-02T22:00,synthetic-simulated,SNSR-SAMANA-01,samana,Samana,7.18,662,28.0,93.1,safe,ok
2025-07-02T23:00,synthetic-simulated,SNSR-SAMANA-01,samana,Samana,7.18,633,26.4,106.1,watch,ok
2025-07-03T00:00,synthetic-simulated,SNSR-SAMANA-01,samana,Samana,7.08,653,25.8,109.2,safe,ok
2025-07-03T01:00,synthetic-simulated,SNSR-SAMANA-01,samana,Samana,7.2,615,25.5,99.1,watch,ok
2025-07-03T02:00,synthetic-simulated,SNSR-SAMANA-01,samana,Samana,7.26,647,25.2,94.5,watch,ok
2025-07-03T03:00,synthetic-simulated,SNSR-SAMANA-01,samana,Samana,7.34,654,25.1,92.0,safe,ok
2025-07-03T04:00,synthetic-simulated,SNSR-SAMANA-01,samana,Samana,7.13,652,25.0,78.2,safe,ok
2025-07-03T05:00,synthetic-simulated,SNSR-SAMANA-01,samana,Samana,7.22,640,25.4,73.7,watch,ok
2025-07-03T06:00,synthetic-simulated,SNSR-SAMANA-01,samana,Samana,,,,,,dropout
2025-07-03T07:00,synthetic-simulated,SNSR-SAMANA-01,samana,Samana,7.07,652,26.5,70.6,safe,ok
2025-07-03T08:00,synthetic-simulated,SNSR-SAMANA-01,samana,Samana,7.19,612,27.2,80.6,watch,ok
2025-07-03T09:00,synthetic-simulated,SNSR-SAMANA-01,samana,Samana,7.17,664,28.1,89.7,safe,ok
2025-07-03T10:00,synthetic-simulated,SNSR-SAMANA-01,samana,Samana,7.31,648,28.6,95.7,watch,ok
2025-07-03T11:00,synthetic-simulated,SNSR-SAMANA-01,samana,Samana,7.14,645,29.7,101.8,watch,ok
2025-07-03T12:00,synthetic-simulated,SNSR-SAMANA-01,samana,Samana,7.16,673,30.1,111.2,safe,ok
2025-07-03T13:00,synthetic-simulated,SNSR-SAMANA-01,samana,Samana,7.18,648,31.2,103.5,watch,ok
2025-07-03T14:00,synthetic-simulated,SNSR-SAMANA-01,samana,Samana,7.12,639,31.1,93.1,watch,ok
2025-07-03T15:00,synthetic-simulated,SNSR-SAMANA-01,samana,Samana,7.22,616,31.4,85.4,watch,ok
2025-07-03T16:00,synthetic-simulated,SNSR-SAMANA-01,samana,Samana,7.24,634,31.0,83.5,watch,ok
2025-07-03T17:00,synthetic-simulated,SNSR-SAMANA-01,samana,Samana,7.21,646,31.0,74.3,watch,ok
2025-07-03T18:00,synthetic-simulated,SNSR-SAMANA-01,samana,Samana,7.16,627,30.7,66.7,watch,ok
2025-07-03T19:00,synthetic-simulated,SNSR-SAMANA-01,samana,Samana,7.23,652,30.2,77.3,safe,ok
2025-07-03T20:00,synthetic-simulated,SNSR-SAMANA-01,samana,Samana,7.21,630,28.7,80.4,watch,ok
2025-07-03T21:00,synthetic-simulated,SNSR-SAMANA-01,samana,Samana,7.23,637,28.8,86.6,watch,ok
2025-07-03T22:00,synthetic-simulated,SNSR-SAMANA-01,samana,Samana,7.17,625,26.3,93.3,watch,ok
2025-07-03T23:00,synthetic-simulated,SNSR-SAMANA-01,samana,Samana,7.15,613,26.8,101.4,watch,ok
2025-07-04T00:00,synthetic-simulated,SNSR-SAMANA-01,samana,Samana,7.16,667,26.3,112.6,safe,ok
2025-07-04T01:00,synthetic-simulated,SNSR-SAMANA-01,samana,Samana,7.2,647,24.6,98.9,watch,ok
2025-07-04T02:00,synthetic-simulated,SNSR-SAMANA-01,samana,Samana,7.26,659,25.6,101.4,safe,ok
2025-07-04T03:00,synthetic-simulated,SNSR-SAMANA-01,samana,Samana,7.18,603,25.1,91.0,watch,ok
2025-07-04T04:00,synthetic-simulated,SNSR-SAMANA-01,samana,Samana,7.2,645,25.7,78.3,watch,ok
2025-07-04T05:00,synthetic-simulated,SNSR-SAMANA-01,samana,Samana,7.19,629,25.6,74.1,watch,ok
2025-07-04T06:00,synthetic-simulated,SNSR-SAMANA-01,samana,Samana,7.25,657,25.9,61.9,safe,ok
2025-07-04T07:00,synthetic-simulated,SNSR-SAMANA-01,samana,Samana,7.19,633,26.2,73.2,watch,ok
2025-07-04T08:00,synthetic-simulated,SNSR-SAMANA-01,samana,Samana,7.08,656,27.4,78.5,safe,ok
2025-07-04T09:00,synthetic-simulated,SNSR-SAMANA-01,samana,Samana,7.26,632,28.1,89.6,watch,ok
2025-07-04T10:00,synthetic-simulated,SNSR-SAMANA-01,samana,Samana,7.21,651,28.5,95.5,safe,ok
2025-07-04T11:00,synthetic-simulated,SNSR-SAMANA-01,samana,Samana,7.15,669,29.3,103.8,safe,ok
2025-07-04T12:00,synthetic-simulated,SNSR-SAMANA-01,samana,Samana,7.28,666,30.5,107.5,safe,ok
2025-07-04T13:00,synthetic-simulated,SNSR-SAMANA-01,samana,Samana,7.16,637,31.1,105.4,watch,ok
2025-07-04T14:00,synthetic-simulated,SNSR-SAMANA-01,samana,Samana,7.26,665,31.9,100.1,safe,ok
2025-07-04T15:00,synthetic-simulated,SNSR-SAMANA-01,samana,Samana,7.16,623,31.5,89.3,watch,ok
2025-07-04T16:00,synthetic-simulated,SNSR-SAMANA-01,samana,Samana,7.29,639,31.5,75.8,watch,ok
2025-07-04T17:00,synthetic-simulated,SNSR-SAMANA-01,samana,Samana,7.15,647,31.2,74.3,watch,ok
2025-07-04T18:00,synthetic-simulated,SNSR-SAMANA-01,samana,Samana,7.27,642,31.0,64.6,watch,ok
2025-07-04T19:00,synthetic-simulated,SNSR-SAMANA-01,samana,Samana,7.12,640,30.2,75.3,watch,ok
2025-07-04T20:00,synthetic-simulated,SNSR-SAMANA-01,samana,Samana,7.16,647,28.9,77.3,watch,ok
2025-07-04T21:00,synthetic-simulated,SNSR-SAMANA-01,samana,Samana,7.21,627,28.3,89.9,watch,ok
2025-07-04T22:00,synthetic-simulated,SNSR-SAMANA-01,samana,Samana,7.15,635,27.7,96.2,watch,ok
2025-07-04T23:00,synthetic-simulated,SNSR-SAMANA-01,samana,Samana,7.12,637,26.6,104.9,watch,ok
2025-07-05T00:00,synthetic-simulated,SNSR-SAMANA-01,samana,Samana,7.14,653,25.0,107.2,safe,ok
2025-07-05T01:00,synthetic-simulated,SNSR-SAMANA-01,samana,Samana,7.25,664,25.4,103.0,safe,ok
2025-07-05T02:00,synthetic-simulated,SNSR-SAMANA-01,samana,Samana,7.21,629,26.0,92.3,watch,ok
2025-07-05T03:00,synthetic-simulated,SNSR-SAMANA-01,samana,Samana,,,,,,dropout
2025-07-05T04:00,synthetic-simulated,SNSR-SAMANA-01,samana,Samana,7.16,660,25.2,79.3,safe,ok
2025-07-05T05:00,synthetic-simulated,SNSR-SAMANA-01,samana,Samana,7.23,640,25.2,75.3,watch,ok
2025-07-05T06:00,synthetic-simulated,SNSR-SAMANA-01,samana,Samana,7.16,653,26.1,66.8,safe,ok
2025-07-05T07:00,synthetic-simulated,SNSR-SAMANA-01,samana,Samana,7.16,628,26.8,69.8,watch,ok
2025-07-05T08:00,synthetic-simulated,SNSR-SAMANA-01,samana,Samana,7.21,660,27.5,79.7,safe,ok
2025-07-05T09:00,synthetic-simulated,SNSR-SAMANA-01,samana,Samana,7.28,649,28.2,86.2,watch,ok
2025-07-05T10:00,synthetic-simulated,SNSR-SAMANA-01,samana,Samana,7.09,649,29.1,90.8,watch,ok
2025-07-05T11:00,synthetic-simulated,SNSR-SAMANA-01,samana,Samana,7.14,636,29.5,98.9,watch,ok
2025-07-05T12:00,synthetic-simulated,SNSR-SAMANA-01,samana,Samana,7.25,637,30.4,110.4,watch,ok
2025-07-05T13:00,synthetic-simulated,SNSR-SAMANA-01,samana,Samana,7.19,639,30.7,100.7,watch,ok
2025-07-05T14:00,synthetic-simulated,SNSR-SAMANA-01,samana,Samana,7.09,632,31.5,92.4,watch,ok
2025-07-05T15:00,synthetic-simulated,SNSR-SAMANA-01,samana,Samana,7.11,643,31.8,88.5,watch,ok
2025-07-05T16:00,synthetic-simulated,SNSR-SAMANA-01,samana,Samana,7.29,641,31.3,78.4,watch,ok
2025-07-05T17:00,synthetic-simulated,SNSR-SAMANA-01,samana,Samana,7.22,626,30.9,75.8,watch,ok
2025-07-05T18:00,synthetic-simulated,SNSR-SAMANA-01,samana,Samana,7.16,639,30.5,67.1,watch,ok
2025-07-05T19:00,synthetic-simulated,SNSR-SAMANA-01,samana,Samana,7.22,611,29.0,69.5,watch,ok
2025-07-05T20:00,synthetic-simulated,SNSR-SAMANA-01,samana,Samana,7.16,649,29.4,78.2,watch,ok
2025-07-05T21:00,synthetic-simulated,SNSR-SAMANA-01,samana,Samana,7.23,646,28.9,88.8,watch,ok
2025-07-05T22:00,synthetic-simulated,SNSR-SAMANA-01,samana,Samana,7.15,628,26.6,95.6,watch,ok
2025-07-05T23:00,synthetic-simulated,SNSR-SAMANA-01,samana,Samana,7.14,634,26.7,101.4,watch,ok
2025-06-22T00:00,synthetic-simulated,SNSR-PATRAN-01,patran,Patran,7.28,661,26.1,108.5,safe,ok
2025-06-22T01:00,synthetic-simulated,SNSR-PATRAN-01,patran,Patran,7.29,676,24.6,104.3,safe,ok
2025-06-22T02:00,synthetic-simulated,SNSR-PATRAN-01,patran,Patran,7.35,657,24.1,95.5,safe,ok
2025-06-22T03:00,synthetic-simulated,SNSR-PATRAN-01,patran,Patran,7.29,649,24.8,91.8,watch,ok
2025-06-22T04:00,synthetic-simulated,SNSR-PATRAN-01,patran,Patran,7.22,660,24.7,83.8,safe,ok
2025-06-22T05:00,synthetic-simulated,SNSR-PATRAN-01,patran,Patran,7.31,653,25.5,71.7,safe,ok
2025-06-22T06:00,synthetic-simulated,SNSR-PATRAN-01,patran,Patran,7.32,658,25.6,61.7,safe,ok
2025-06-22T07:00,synthetic-simulated,SNSR-PATRAN-01,patran,Patran,7.18,644,27.4,77.0,watch,ok
2025-06-22T08:00,synthetic-simulated,SNSR-PATRAN-01,patran,Patran,7.39,672,27.5,78.8,safe,ok
2025-06-22T09:00,synthetic-simulated,SNSR-PATRAN-01,patran,Patran,7.26,658,28.0,84.2,safe,ok
2025-06-22T10:00,synthetic-simulated,SNSR-PATRAN-01,patran,Patran,7.33,686,28.4,96.2,safe,ok
2025-06-22T11:00,synthetic-simulated,SNSR-PATRAN-01,patran,Patran,7.28,680,29.5,102.4,safe,ok
2025-06-22T12:00,synthetic-simulated,SNSR-PATRAN-01,patran,Patran,7.29,649,30.9,111.2,watch,ok
2025-06-22T13:00,synthetic-simulated,SNSR-PATRAN-01,patran,Patran,7.28,654,30.5,99.2,safe,ok
2025-06-22T14:00,synthetic-simulated,SNSR-PATRAN-01,patran,Patran,7.22,658,30.8,98.4,safe,ok
2025-06-22T15:00,synthetic-simulated,SNSR-PATRAN-01,patran,Patran,7.26,659,31.3,86.3,safe,ok
2025-06-22T16:00,synthetic-simulated,SNSR-PATRAN-01,patran,Patran,7.3,663,31.3,81.9,safe,ok
2025-06-22T17:00,synthetic-simulated,SNSR-PATRAN-01,patran,Patran,7.35,659,31.0,73.2,safe,ok
2025-06-22T18:00,synthetic-simulated,SNSR-PATRAN-01,patran,Patran,7.39,660,30.5,65.2,safe,ok
2025-06-22T19:00,synthetic-simulated,SNSR-PATRAN-01,patran,Patran,7.23,656,30.2,71.3,safe,ok
2025-06-22T20:00,synthetic-simulated,SNSR-PATRAN-01,patran,Patran,7.27,668,28.2,81.1,safe,ok
2025-06-22T21:00,synthetic-simulated,SNSR-PATRAN-01,patran,Patran,7.28,654,28.3,87.8,safe,ok
2025-06-22T22:00,synthetic-simulated,SNSR-PATRAN-01,patran,Patran,7.29,664,27.5,92.9,safe,ok
2025-06-22T23:00,synthetic-simulated,SNSR-PATRAN-01,patran,Patran,7.32,685,27.0,103.9,safe,ok
2025-06-23T00:00,synthetic-simulated,SNSR-PATRAN-01,patran,Patran,7.32,643,25.9,111.3,watch,ok
2025-06-23T01:00,synthetic-simulated,SNSR-PATRAN-01,patran,Patran,7.33,666,25.8,104.8,safe,ok
2025-06-23T02:00,synthetic-simulated,SNSR-PATRAN-01,patran,Patran,7.33,674,24.9,91.4,safe,ok
2025-06-23T03:00,synthetic-simulated,SNSR-PATRAN-01,patran,Patran,7.26,658,24.9,86.7,safe,ok
2025-06-23T04:00,synthetic-simulated,SNSR-PATRAN-01,patran,Patran,7.32,640,25.1,77.6,watch,ok
2025-06-23T05:00,synthetic-simulated,SNSR-PATRAN-01,patran,Patran,7.32,658,25.4,73.0,safe,ok
2025-06-23T06:00,synthetic-simulated,SNSR-PATRAN-01,patran,Patran,7.17,680,26.3,69.1,safe,ok
2025-06-23T07:00,synthetic-simulated,SNSR-PATRAN-01,patran,Patran,7.29,659,26.3,74.7,safe,ok
2025-06-23T08:00,synthetic-simulated,SNSR-PATRAN-01,patran,Patran,7.21,645,26.9,78.5,watch,ok
2025-06-23T09:00,synthetic-simulated,SNSR-PATRAN-01,patran,Patran,7.24,640,27.8,86.9,watch,ok
2025-06-23T10:00,synthetic-simulated,SNSR-PATRAN-01,patran,Patran,7.25,649,28.7,98.1,watch,ok
2025-06-23T11:00,synthetic-simulated,SNSR-PATRAN-01,patran,Patran,7.23,664,29.9,102.4,safe,ok
2025-06-23T12:00,synthetic-simulated,SNSR-PATRAN-01,patran,Patran,7.36,676,30.7,106.0,safe,ok
2025-06-23T13:00,synthetic-simulated,SNSR-PATRAN-01,patran,Patran,7.28,664,30.5,102.4,safe,ok
2025-06-23T14:00,synthetic-simulated,SNSR-PATRAN-01,patran,Patran,7.24,661,30.8,97.8,safe,ok
2025-06-23T15:00,synthetic-simulated,SNSR-PATRAN-01,patran,Patran,7.31,654,30.5,87.9,safe,ok
2025-06-23T16:00,synthetic-simulated,SNSR-PATRAN-01,patran,Patran,7.26,646,31.0,81.7,watch,ok
2025-06-23T17:00,synthetic-simulated,SNSR-PATRAN-01,patran,Patran,,,,,,dropout
2025-06-23T18:00,synthetic-simulated,SNSR-PATRAN-01,patran,Patran,7.24,655,29.8,67.8,safe,ok
2025-06-23T19:00,synthetic-simulated,SNSR-PATRAN-01,patran,Patran,7.18,657,29.1,73.1,safe,ok
2025-06-23T20:00,synthetic-simulated,SNSR-PATRAN-01,patran,Patran,7.3,649,28.3,78.1,watch,ok
2025-06-23T21:00,synthetic-simulated,SNSR-PATRAN-01,patran,Patran,7.26,661,28.0,85.7,safe,ok
2025-06-23T22:00,synthetic-simulated,SNSR-PATRAN-01,patran,Patran,7.17,656,27.7,97.9,safe,ok
2025-06-23T23:00,synthetic-simulated,SNSR-PATRAN-01,patran,Patran,7.29,673,26.6,105.6,safe,ok
2025-06-24T00:00,synthetic-simulated,SNSR-PATRAN-01,patran,Patran,7.32,672,26.2,115.3,safe,ok
2025-06-24T01:00,synthetic-simulated,SNSR-PATRAN-01,patran,Patran,7.3,659,24.6,101.3,safe,ok
2025-06-24T02:00,synthetic-simulated,SNSR-PATRAN-01,patran,Patran,7.24,641,25.6,92.7,watch,ok
2025-06-24T03:00,synthetic-simulated,SNSR-PATRAN-01,patran,Patran,7.18,670,24.3,89.7,safe,ok
2025-06-24T04:00,synthetic-simulated,SNSR-PATRAN-01,patran,Patran,7.31,668,25.8,77.6,safe,ok
2025-06-24T05:00,synthetic-simulated,SNSR-PATRAN-01,patran,Patran,7.27,641,25.4,70.6,watch,ok
2025-06-24T06:00,synthetic-simulated,SNSR-PATRAN-01,patran,Patran,7.32,672,25.3,63.0,safe,ok
2025-06-24T07:00,synthetic-simulated,SNSR-PATRAN-01,patran,Patran,7.27,661,27.3,70.5,safe,ok
2025-06-24T08:00,synthetic-simulated,SNSR-PATRAN-01,patran,Patran,7.27,669,27.6,81.9,safe,ok
2025-06-24T09:00,synthetic-simulated,SNSR-PATRAN-01,patran,Patran,7.24,652,28.0,82.8,safe,ok
2025-06-24T10:00,synthetic-simulated,SNSR-PATRAN-01,patran,Patran,7.25,666,29.3,98.3,safe,ok
2025-06-24T11:00,synthetic-simulated,SNSR-PATRAN-01,patran,Patran,7.34,679,29.3,102.1,safe,ok
2025-06-24T12:00,synthetic-simulated,SNSR-PATRAN-01,patran,Patran,7.28,657,29.6,111.1,safe,ok
2025-06-24T13:00,synthetic-simulated,SNSR-PATRAN-01,patran,Patran,7.29,653,30.3,100.2,safe,ok
2025-06-24T14:00,synthetic-simulated,SNSR-PATRAN-01,patran,Patran,7.25,674,31.3,91.3,safe,ok
2025-06-24T15:00,synthetic-simulated,SNSR-PATRAN-01,patran,Patran,7.28,656,31.4,86.0,safe,ok
2025-06-24T16:00,synthetic-simulated,SNSR-PATRAN-01,patran,Patran,7.31,660,31.3,84.8,safe,ok
2025-06-24T17:00,synthetic-simulated,SNSR-PATRAN-01,patran,Patran,7.36,684,30.6,73.4,safe,ok
2025-06-24T18:00,synthetic-simulated,SNSR-PATRAN-01,patran,Patran,7.22,674,30.7,61.9,safe,ok
2025-06-24T19:00,synthetic-simulated,SNSR-PATRAN-01,patran,Patran,7.36,663,29.7,70.5,safe,ok
2025-06-24T20:00,synthetic-simulated,SNSR-PATRAN-01,patran,Patran,7.26,695,29.2,78.2,safe,ok
2025-06-24T21:00,synthetic-simulated,SNSR-PATRAN-01,patran,Patran,7.28,660,27.9,91.0,safe,ok
2025-06-24T22:00,synthetic-simulated,SNSR-PATRAN-01,patran,Patran,7.21,678,27.7,92.9,safe,ok
2025-06-24T23:00,synthetic-simulated,SNSR-PATRAN-01,patran,Patran,7.22,642,26.4,99.9,watch,ok
2025-06-25T00:00,synthetic-simulated,SNSR-PATRAN-01,patran,Patran,7.31,656,25.7,108.5,safe,ok
2025-06-25T01:00,synthetic-simulated,SNSR-PATRAN-01,patran,Patran,7.28,645,24.8,103.9,watch,ok
2025-06-25T02:00,synthetic-simulated,SNSR-PATRAN-01,patran,Patran,7.26,650,24.6,98.4,safe,ok
2025-06-25T03:00,synthetic-simulated,SNSR-PATRAN-01,patran,Patran,7.31,689,25.0,89.3,safe,ok
2025-06-25T04:00,synthetic-simulated,SNSR-PATRAN-01,patran,Patran,7.23,649,24.7,79.0,watch,ok
2025-06-25T05:00,synthetic-simulated,SNSR-PATRAN-01,patran,Patran,7.31,662,25.1,73.4,safe,ok
2025-06-25T06:00,synthetic-simulated,SNSR-PATRAN-01,patran,Patran,7.31,668,25.3,66.0,safe,ok
2025-06-25T07:00,synthetic-simulated,SNSR-PATRAN-01,patran,Patran,7.32,664,26.2,76.6,safe,ok
2025-06-25T08:00,synthetic-simulated,SNSR-PATRAN-01,patran,Patran,7.28,662,27.9,80.0,safe,ok
2025-06-25T09:00,synthetic-simulated,SNSR-PATRAN-01,patran,Patran,7.31,646,27.2,85.2,watch,ok
2025-06-25T10:00,synthetic-simulated,SNSR-PATRAN-01,patran,Patran,7.24,688,28.7,92.0,safe,ok
2025-06-25T11:00,synthetic-simulated,SNSR-PATRAN-01,patran,Patran,7.27,681,29.3,100.0,safe,ok
2025-06-25T12:00,synthetic-simulated,SNSR-PATRAN-01,patran,Patran,7.23,687,30.4,111.5,safe,ok
2025-06-25T13:00,synthetic-simulated,SNSR-PATRAN-01,patran,Patran,7.27,677,29.8,107.9,safe,ok
2025-06-25T14:00,synthetic-simulated,SNSR-PATRAN-01,patran,Patran,7.28,649,31.2,91.2,watch,ok
2025-06-25T15:00,synthetic-simulated,SNSR-PATRAN-01,patran,Patran,7.29,640,31.0,86.6,watch,ok
2025-06-25T16:00,synthetic-simulated,SNSR-PATRAN-01,patran,Patran,7.21,680,31.2,78.5,safe,ok
2025-06-25T17:00,synthetic-simulated,SNSR-PATRAN-01,patran,Patran,7.29,664,30.4,72.9,safe,ok
2025-06-25T18:00,synthetic-simulated,SNSR-PATRAN-01,patran,Patran,7.26,661,29.8,66.9,safe,ok
2025-06-25T19:00,synthetic-simulated,SNSR-PATRAN-01,patran,Patran,7.24,680,29.3,72.9,safe,ok
2025-06-25T20:00,synthetic-simulated,SNSR-PATRAN-01,patran,Patran,7.23,661,28.5,76.7,safe,ok
2025-06-25T21:00,synthetic-simulated,SNSR-PATRAN-01,patran,Patran,7.33,678,28.8,90.2,safe,ok
2025-06-25T22:00,synthetic-simulated,SNSR-PATRAN-01,patran,Patran,7.32,648,27.8,96.0,watch,ok
2025-06-25T23:00,synthetic-simulated,SNSR-PATRAN-01,patran,Patran,7.29,669,25.9,104.4,safe,ok
2025-06-26T00:00,synthetic-simulated,SNSR-PATRAN-01,patran,Patran,7.25,672,24.8,113.0,safe,ok
2025-06-26T01:00,synthetic-simulated,SNSR-PATRAN-01,patran,Patran,7.21,637,25.4,106.9,watch,ok
2025-06-26T02:00,synthetic-simulated,SNSR-PATRAN-01,patran,Patran,7.27,678,24.7,95.1,safe,ok
2025-06-26T03:00,synthetic-simulated,SNSR-PATRAN-01,patran,Patran,7.27,660,25.1,82.1,safe,ok
2025-06-26T04:00,synthetic-simulated,SNSR-PATRAN-01,patran,Patran,7.32,652,24.4,79.9,safe,ok
2025-06-26T05:00,synthetic-simulated,SNSR-PATRAN-01,patran,Patran,7.25,670,25.4,76.6,safe,ok
2025-06-26T06:00,synthetic-simulated,SNSR-PATRAN-01,patran,Patran,7.19,675,26.3,64.9,safe,ok
2025-06-26T07:00,synthetic-simulated,SNSR-PATRAN-01,patran,Patran,7.3,677,26.4,74.8,safe,ok
2025-06-26T08:00,synthetic-simulated,SNSR-PATRAN-01,patran,Patran,7.3,657,27.1,79.0,safe,ok
2025-06-26T09:00,synthetic-simulated,SNSR-PATRAN-01,patran,Patran,7.26,642,28.3,88.6,watch,ok
2025-06-26T10:00,synthetic-simulated,SNSR-PATRAN-01,patran,Patran,7.25,652,28.4,96.6,safe,ok
2025-06-26T11:00,synthetic-simulated,SNSR-PATRAN-01,patran,Patran,7.28,664,29.9,106.5,safe,ok
2025-06-26T12:00,synthetic-simulated,SNSR-PATRAN-01,patran,Patran,7.26,657,30.4,104.9,safe,ok
2025-06-26T13:00,synthetic-simulated,SNSR-PATRAN-01,patran,Patran,7.31,652,30.6,102.0,safe,ok
2025-06-26T14:00,synthetic-simulated,SNSR-PATRAN-01,patran,Patran,7.2,671,31.5,97.4,safe,ok
2025-06-26T15:00,synthetic-simulated,SNSR-PATRAN-01,patran,Patran,7.27,662,31.3,87.7,safe,ok
2025-06-26T16:00,synthetic-simulated,SNSR-PATRAN-01,patran,Patran,7.29,645,31.6,81.9,watch,ok
2025-06-26T17:00,synthetic-simulated,SNSR-PATRAN-01,patran,Patran,7.26,675,30.3,72.5,safe,ok
2025-06-26T18:00,synthetic-simulated,SNSR-PATRAN-01,patran,Patran,7.31,663,30.1,61.0,safe,ok
2025-06-26T19:00,synthetic-simulated,SNSR-PATRAN-01,patran,Patran,7.29,647,29.1,74.3,watch,ok
2025-06-26T20:00,synthetic-simulated,SNSR-PATRAN-01,patran,Patran,7.21,654,29.2,79.0,safe,ok
2025-06-26T21:00,synthetic-simulated,SNSR-PATRAN-01,patran,Patran,7.29,679,27.8,86.3,safe,ok
2025-06-26T22:00,synthetic-simulated,SNSR-PATRAN-01,patran,Patran,7.23,654,27.1,96.4,safe,ok
2025-06-26T23:00,synthetic-simulated,SNSR-PATRAN-01,patran,Patran,7.3,669,26.8,103.0,safe,ok
2025-06-27T00:00,synthetic-simulated,SNSR-PATRAN-01,patran,Patran,7.32,656,25.4,110.2,safe,ok
2025-06-27T01:00,synthetic-simulated,SNSR-PATRAN-01,patran,Patran,7.35,635,24.9,101.9,watch,ok
2025-06-27T02:00,synthetic-simulated,SNSR-PATRAN-01,patran,Patran,7.34,669,24.9,98.2,safe,ok
2025-06-27T03:00,synthetic-simulated,SNSR-PATRAN-01,patran,Patran,7.21,647,24.4,87.2,watch,ok
2025-06-27T04:00,synthetic-simulated,SNSR-PATRAN-01,patran,Patran,7.28,670,24.5,77.9,safe,ok
2025-06-27T05:00,synthetic-simulated,SNSR-PATRAN-01,patran,Patran,7.25,665,24.9,73.7,safe,ok
2025-06-27T06:00,synthetic-simulated,SNSR-PATRAN-01,patran,Patran,7.25,665,25.6,67.2,safe,ok
2025-06-27T07:00,synthetic-simulated,SNSR-PATRAN-01,patran,Patran,7.3,668,26.6,68.8,safe,ok
2025-06-27T08:00,synthetic-simulated,SNSR-PATRAN-01,patran,Patran,7.28,673,26.9,84.0,safe,ok
2025-06-27T09:00,synthetic-simulated,SNSR-PATRAN-01,patran,Patran,7.3,670,28.5,90.5,safe,ok
2025-06-27T10:00,synthetic-simulated,SNSR-PATRAN-01,patran,Patran,7.27,660,28.7,96.6,safe,ok
2025-06-27T11:00,synthetic-simulated,SNSR-PATRAN-01,patran,Patran,7.24,681,29.2,103.0,safe,ok
2025-06-27T12:00,synthetic-simulated,SNSR-PATRAN-01,patran,Patran,7.3,620,30.2,112.5,watch,ok
2025-06-27T13:00,synthetic-simulated,SNSR-PATRAN-01,patran,Patran,7.36,641,31.1,99.9,watch,ok
2025-06-27T14:00,synthetic-simulated,SNSR-PATRAN-01,patran,Patran,7.34,658,31.3,99.0,safe,ok
2025-06-27T15:00,synthetic-simulated,SNSR-PATRAN-01,patran,Patran,7.3,662,30.7,89.9,safe,ok
2025-06-27T16:00,synthetic-simulated,SNSR-PATRAN-01,patran,Patran,7.37,646,31.3,79.9,watch,ok
2025-06-27T17:00,synthetic-simulated,SNSR-PATRAN-01,patran,Patran,7.31,657,31.1,72.0,safe,ok
2025-06-27T18:00,synthetic-simulated,SNSR-PATRAN-01,patran,Patran,7.28,653,30.1,65.1,safe,ok
2025-06-27T19:00,synthetic-simulated,SNSR-PATRAN-01,patran,Patran,7.19,663,30.0,68.9,safe,ok
2025-06-27T20:00,synthetic-simulated,SNSR-PATRAN-01,patran,Patran,7.29,651,28.7,79.7,safe,ok
2025-06-27T21:00,synthetic-simulated,SNSR-PATRAN-01,patran,Patran,7.23,641,28.1,85.3,watch,ok
2025-06-27T22:00,synthetic-simulated,SNSR-PATRAN-01,patran,Patran,7.26,670,27.1,97.1,safe,ok
2025-06-27T23:00,synthetic-simulated,SNSR-PATRAN-01,patran,Patran,7.25,670,26.6,100.7,safe,ok
2025-06-28T00:00,synthetic-simulated,SNSR-PATRAN-01,patran,Patran,7.2,654,25.6,109.4,safe,ok
2025-06-28T01:00,synthetic-simulated,SNSR-PATRAN-01,patran,Patran,,,,,,dropout
2025-06-28T02:00,synthetic-simulated,SNSR-PATRAN-01,patran,Patran,7.24,655,24.8,96.1,safe,ok
2025-06-28T03:00,synthetic-simulated,SNSR-PATRAN-01,patran,Patran,7.37,649,24.8,88.6,watch,ok
2025-06-28T04:00,synthetic-simulated,SNSR-PATRAN-01,patran,Patran,7.21,640,24.6,82.3,watch,ok
2025-06-28T05:00,synthetic-simulated,SNSR-PATRAN-01,patran,Patran,7.32,660,24.9,74.6,safe,ok
2025-06-28T06:00,synthetic-simulated,SNSR-PATRAN-01,patran,Patran,7.21,672,25.6,62.1,safe,ok
2025-06-28T07:00,synthetic-simulated,SNSR-PATRAN-01,patran,Patran,7.3,665,25.8,74.0,safe,ok
2025-06-28T08:00,synthetic-simulated,SNSR-PATRAN-01,patran,Patran,7.33,653,26.9,76.3,safe,ok
2025-06-28T09:00,synthetic-simulated,SNSR-PATRAN-01,patran,Patran,7.28,666,28.0,88.3,safe,ok
2025-06-28T10:00,synthetic-simulated,SNSR-PATRAN-01,patran,Patran,7.29,661,28.7,96.0,safe,ok
2025-06-28T11:00,synthetic-simulated,SNSR-PATRAN-01,patran,Patran,7.37,648,28.7,100.5,watch,ok
2025-06-28T12:00,synthetic-simulated,SNSR-PATRAN-01,patran,Patran,7.21,668,29.5,106.8,safe,ok
2025-06-28T13:00,synthetic-simulated,SNSR-PATRAN-01,patran,Patran,7.35,664,30.9,100.6,safe,ok
2025-06-28T14:00,synthetic-simulated,SNSR-PATRAN-01,patran,Patran,7.25,661,30.7,96.5,safe,ok
2025-06-28T15:00,synthetic-simulated,SNSR-PATRAN-01,patran,Patran,7.28,685,31.2,94.6,safe,ok
2025-06-28T16:00,synthetic-simulated,SNSR-PATRAN-01,patran,Patran,7.32,646,30.8,78.4,watch,ok
2025-06-28T17:00,synthetic-simulated,SNSR-PATRAN-01,patran,Patran,7.29,655,30.9,77.1,safe,ok
2025-06-28T18:00,synthetic-simulated,SNSR-PATRAN-01,patran,Patran,7.38,657,29.7,68.4,safe,ok
2025-06-28T19:00,synthetic-simulated,SNSR-PATRAN-01,patran,Patran,7.25,659,30.1,75.1,safe,ok
2025-06-28T20:00,synthetic-simulated,SNSR-PATRAN-01,patran,Patran,7.3,683,29.1,78.5,safe,ok
2025-06-28T21:00,synthetic-simulated,SNSR-PATRAN-01,patran,Patran,7.22,642,28.5,85.8,watch,ok
2025-06-28T22:00,synthetic-simulated,SNSR-PATRAN-01,patran,Patran,7.25,662,26.5,88.6,safe,ok
2025-06-28T23:00,synthetic-simulated,SNSR-PATRAN-01,patran,Patran,7.3,667,25.9,102.7,safe,ok
2025-06-29T00:00,synthetic-simulated,SNSR-PATRAN-01,patran,Patran,7.17,656,24.9,108.4,safe,ok
2025-06-29T01:00,synthetic-simulated,SNSR-PATRAN-01,patran,Patran,7.26,685,25.7,102.8,safe,ok
2025-06-29T02:00,synthetic-simulated,SNSR-PATRAN-01,patran,Patran,7.32,662,25.4,94.1,safe,ok
2025-06-29T03:00,synthetic-simulated,SNSR-PATRAN-01,patran,Patran,7.29,668,24.4,86.3,safe,ok
2025-06-29T04:00,synthetic-simulated,SNSR-PATRAN-01,patran,Patran,7.18,651,24.6,80.0,safe,ok
2025-06-29T05:00,synthetic-simulated,SNSR-PATRAN-01,patran,Patran,7.26,663,25.4,74.3,safe,ok
2025-06-29T06:00,synthetic-simulated,SNSR-PATRAN-01,patran,Patran,7.3,678,25.8,63.2,safe,ok
2025-06-29T07:00,synthetic-simulated,SNSR-PATRAN-01,patran,Patran,7.23,656,25.9,72.3,safe,ok
2025-06-29T08:00,synthetic-simulated,SNSR-PATRAN-01,patran,Patran,7.24,688,26.8,79.5,safe,ok
2025-06-29T09:00,synthetic-simulated,SNSR-PATRAN-01,patran,Patran,7.29,669,26.8,86.5,safe,ok
2025-06-29T10:00,synthetic-simulated,SNSR-PATRAN-01,patran,Patran,7.27,665,28.7,92.3,safe,ok
2025-06-29T11:00,synthetic-simulated,SNSR-PATRAN-01,patran,Patran,7.28,657,29.2,101.1,safe,ok
2025-06-29T12:00,synthetic-simulated,SNSR-PATRAN-01,patran,Patran,7.23,659,30.1,109.6,safe,ok
2025-06-29T13:00,synthetic-simulated,SNSR-PATRAN-01,patran,Patran,7.26,652,30.5,101.2,safe,ok
2025-06-29T14:00,synthetic-simulated,SNSR-PATRAN-01,patran,Patran,7.33,650,31.1,93.4,safe,ok
2025-06-29T15:00,synthetic-simulated,SNSR-PATRAN-01,patran,Patran,7.35,642,31.4,91.0,watch,ok
2025-06-29T16:00,synthetic-simulated,SNSR-PATRAN-01,patran,Patran,7.3,651,31.2,79.2,safe,ok
2025-06-29T17:00,synthetic-simulated,SNSR-PATRAN-01,patran,Patran,7.31,648,30.7,73.5,watch,ok
2025-06-29T18:00,synthetic-simulated,SNSR-PATRAN-01,patran,Patran,7.27,663,30.5,63.5,safe,ok
2025-06-29T19:00,synthetic-simulated,SNSR-PATRAN-01,patran,Patran,7.28,639,30.4,72.1,watch,ok
2025-06-29T20:00,synthetic-simulated,SNSR-PATRAN-01,patran,Patran,7.34,648,28.7,79.0,watch,ok
2025-06-29T21:00,synthetic-simulated,SNSR-PATRAN-01,patran,Patran,7.31,641,28.7,88.0,watch,ok
2025-06-29T22:00,synthetic-simulated,SNSR-PATRAN-01,patran,Patran,7.32,631,27.0,92.9,watch,ok
2025-06-29T23:00,synthetic-simulated,SNSR-PATRAN-01,patran,Patran,7.28,683,26.6,97.7,safe,ok
2025-06-30T00:00,synthetic-simulated,SNSR-PATRAN-01,patran,Patran,7.25,671,25.2,113.9,safe,ok
2025-06-30T01:00,synthetic-simulated,SNSR-PATRAN-01,patran,Patran,7.23,658,25.0,97.3,safe,ok
2025-06-30T02:00,synthetic-simulated,SNSR-PATRAN-01,patran,Patran,7.35,665,24.8,96.2,safe,ok
2025-06-30T03:00,synthetic-simulated,SNSR-PATRAN-01,patran,Patran,7.34,637,24.5,85.4,watch,ok
2025-06-30T04:00,synthetic-simulated,SNSR-PATRAN-01,patran,Patran,7.31,655,25.1,81.9,safe,ok
2025-06-30T05:00,synthetic-simulated,SNSR-PATRAN-01,patran,Patran,7.25,635,25.0,74.2,watch,ok
2025-06-30T06:00,synthetic-simulated,SNSR-PATRAN-01,patran,Patran,7.22,653,24.9,65.8,safe,ok
2025-06-30T07:00,synthetic-simulated,SNSR-PATRAN-01,patran,Patran,7.21,679,26.3,71.1,safe,ok
2025-06-30T08:00,synthetic-simulated,SNSR-PATRAN-01,patran,Patran,7.3,685,27.3,82.0,safe,ok
2025-06-30T09:00,synthetic-simulated,SNSR-PATRAN-01,patran,Patran,7.29,661,28.4,86.5,safe,ok
2025-06-30T10:00,synthetic-simulated,SNSR-PATRAN-01,patran,Patran,7.34,669,29.2,93.6,safe,ok
2025-06-30T11:00,synthetic-simulated,SNSR-PATRAN-01,patran,Patran,7.35,677,29.5,106.0,safe,ok
2025-06-30T12:00,synthetic-simulated,SNSR-PATRAN-01,patran,Patran,7.2,653,29.9,112.5,safe,ok
2025-06-30T13:00,synthetic-simulated,SNSR-PATRAN-01,patran,Patran,7.27,627,30.5,104.7,watch,ok
2025-06-30T14:00,synthetic-simulated,SNSR-PATRAN-01,patran,Patran,7.34,647,31.3,92.4,watch,ok
2025-06-30T15:00,synthetic-simulated,SNSR-PATRAN-01,patran,Patran,7.27,656,30.6,89.6,safe,ok
2025-06-30T16:00,synthetic-simulated,SNSR-PATRAN-01,patran,Patran,7.23,653,31.2,81.4,safe,ok
2025-06-30T17:00,synthetic-simulated,SNSR-PATRAN-01,patran,Patran,7.28,667,31.5,70.6,safe,ok
2025-06-30T18:00,synthetic-simulated,SNSR-PATRAN-01,patran,Patran,7.29,674,31.2,64.1,safe,ok
2025-06-30T19:00,synthetic-simulated,SNSR-PATRAN-01,patran,Patran,,,,,,dropout
2025-06-30T20:00,synthetic-simulated,SNSR-PATRAN-01,patran,Patran,7.31,673,28.8,80.1,safe,ok
2025-06-30T21:00,synthetic-simulated,SNSR-PATRAN-01,patran,Patran,7.26,671,27.6,91.0,safe,ok
2025-06-30T22:00,synthetic-simulated,SNSR-PATRAN-01,patran,Patran,7.31,651,26.9,95.9,safe,ok
2025-06-30T23:00,synthetic-simulated,SNSR-PATRAN-01,patran,Patran,7.23,656,27.0,100.6,safe,ok
2025-07-01T00:00,synthetic-simulated,SNSR-PATRAN-01,patran,Patran,7.23,665,25.9,108.7,safe,ok
2025-07-01T01:00,synthetic-simulated,SNSR-PATRAN-01,patran,Patran,7.23,657,24.9,106.0,safe,ok
2025-07-01T02:00,synthetic-simulated,SNSR-PATRAN-01,patran,Patran,7.28,652,25.0,94.7,safe,ok
2025-07-01T03:00,synthetic-simulated,SNSR-PATRAN-01,patran,Patran,7.35,659,24.7,85.7,safe,ok
2025-07-01T04:00,synthetic-simulated,SNSR-PATRAN-01,patran,Patran,7.28,651,24.5,84.2,safe,ok
2025-07-01T05:00,synthetic-simulated,SNSR-PATRAN-01,patran,Patran,7.3,648,24.5,76.7,watch,ok
2025-07-01T06:00,synthetic-simulated,SNSR-PATRAN-01,patran,Patran,7.31,674,26.4,66.2,safe,ok
2025-07-01T07:00,synthetic-simulated,SNSR-PATRAN-01,patran,Patran,7.21,663,26.8,71.4,safe,ok
2025-07-01T08:00,synthetic-simulated,SNSR-PATRAN-01,patran,Patran,7.36,640,27.2,81.4,watch,ok
2025-07-01T09:00,synthetic-simulated,SNSR-PATRAN-01,patran,Patran,7.3,623,27.3,86.6,watch,ok
2025-07-01T10:00,synthetic-simulated,SNSR-PATRAN-01,patran,Patran,7.24,652,28.7,98.2,safe,ok
2025-07-01T11:00,synthetic-simulated,SNSR-PATRAN-01,patran,Patran,7.26,660,30.0,106.1,safe,ok
2025-07-01T12:00,synthetic-simulated,SNSR-PATRAN-01,patran,Patran,7.22,661,30.9,111.2,safe,ok
2025-07-01T13:00,synthetic-simulated,SNSR-PATRAN-01,patran,Patran,7.31,659,30.7,103.7,safe,ok
2025-07-01T14:00,synthetic-simulated,SNSR-PATRAN-01,patran,Patran,7.28,663,31.2,92.2,safe,ok
2025-07-01T15:00,synthetic-simulated,SNSR-PATRAN-01,patran,Patran,7.29,663,31.1,88.4,safe,ok
2025-07-01T16:00,synthetic-simulated,SNSR-PATRAN-01,patran,Patran,7.21,657,32.3,79.4,safe,ok
2025-07-01T17:00,synthetic-simulated,SNSR-PATRAN-01,patran,Patran,7.2,667,30.6,73.8,safe,ok
2025-07-01T18:00,synthetic-simulated,SNSR-PATRAN-01,patran,Patran,7.2,665,30.4,62.5,safe,ok
2025-07-01T19:00,synthetic-simulated,SNSR-PATRAN-01,patran,Patran,7.24,679,29.5,76.5,safe,ok
2025-07-01T20:00,synthetic-simulated,SNSR-PATRAN-01,patran,Patran,7.3,657,28.5,78.5,safe,ok
2025-07-01T21:00,synthetic-simulated,SNSR-PATRAN-01,patran,Patran,7.34,656,27.6,92.2,safe,ok
2025-07-01T22:00,synthetic-simulated,SNSR-PATRAN-01,patran,Patran,7.27,666,27.0,96.7,safe,ok
2025-07-01T23:00,synthetic-simulated,SNSR-PATRAN-01,patran,Patran,7.28,652,26.4,100.6,safe,ok
2025-07-02T00:00,synthetic-simulated,SNSR-PATRAN-01,patran,Patran,7.29,662,26.5,108.2,safe,ok
2025-07-02T01:00,synthetic-simulated,SNSR-PATRAN-01,patran,Patran,7.23,648,25.0,104.5,watch,ok
2025-07-02T02:00,synthetic-simulated,SNSR-PATRAN-01,patran,Patran,7.26,652,24.4,98.2,safe,ok
2025-07-02T03:00,synthetic-simulated,SNSR-PATRAN-01,patran,Patran,7.28,664,24.7,86.4,safe,ok
2025-07-02T04:00,synthetic-simulated,SNSR-PATRAN-01,patran,Patran,7.33,674,25.0,81.9,safe,ok
2025-07-02T05:00,synthetic-simulated,SNSR-PATRAN-01,patran,Patran,7.23,657,25.0,70.7,safe,ok
2025-07-02T06:00,synthetic-simulated,SNSR-PATRAN-01,patran,Patran,7.27,668,25.6,64.3,safe,ok
2025-07-02T07:00,synthetic-simulated,SNSR-PATRAN-01,patran,Patran,7.27,661,26.5,71.7,safe,ok
2025-07-02T08:00,synthetic-simulated,SNSR-PATRAN-01,patran,Patran,7.26,646,27.6,82.9,watch,ok
2025-07-02T09:00,synthetic-simulated,SNSR-PATRAN-01,patran,Patran,7.29,670,28.0,88.4,safe,ok
2025-07-02T10:00,synthetic-simulated,SNSR-PATRAN-01,patran,Patran,7.27,657,29.0,92.0,safe,ok
2025-07-02T11:00,synthetic-simulated,SNSR-PATRAN-01,patran,Patran,7.27,654,29.3,101.4,safe,ok
2025-07-02T12:00,synthetic-simulated,SNSR-PATRAN-01,patran,Patran,7.29,652,30.1,108.2,safe,ok
2025-07-02T13:00,synthetic-simulated,SNSR-PATRAN-01,patran,Patran,7.2,664,30.4,103.9,safe,ok
2025-07-02T14:00,synthetic-simulated,SNSR-PATRAN-01,patran,Patran,7.3,674,31.0,95.0,safe,ok
2025-07-02T15:00,synthetic-simulated,SNSR-PATRAN-01,patran,Patran,7.41,654,30.7,89.6,safe,ok
2025-07-02T16:00,synthetic-simulated,SNSR-PATRAN-01,patran,Patran,7.31,647,30.5,78.0,watch,ok
2025-07-02T17:00,synthetic-simulated,SNSR-PATRAN-01,patran,Patran,7.17,659,30.9,78.9,safe,ok
2025-07-02T18:00,synthetic-simulated,SNSR-PATRAN-01,patran,Patran,7.33,678,29.7,64.6,safe,ok
2025-07-02T19:00,synthetic-simulated,SNSR-PATRAN-01,patran,Patran,7.28,657,29.9,74.2,safe,ok
2025-07-02T20:00,synthetic-simulated,SNSR-PATRAN-01,patran,Patran,7.29,656,29.6,78.1,safe,ok
2025-07-02T21:00,synthetic-simulated,SNSR-PATRAN-01,patran,Patran,7.24,662,27.1,88.1,safe,ok
2025-07-02T22:00,synthetic-simulated,SNSR-PATRAN-01,patran,Patran,7.31,652,27.4,94.1,safe,ok
2025-07-02T23:00,synthetic-simulated,SNSR-PATRAN-01,patran,Patran,7.31,679,26.7,100.5,safe,ok
2025-07-03T00:00,synthetic-simulated,SNSR-PATRAN-01,patran,Patran,7.25,669,25.8,106.6,safe,ok
2025-07-03T01:00,synthetic-simulated,SNSR-PATRAN-01,patran,Patran,7.24,653,25.7,106.3,safe,ok
2025-07-03T02:00,synthetic-simulated,SNSR-PATRAN-01,patran,Patran,7.29,662,25.0,92.7,safe,ok
2025-07-03T03:00,synthetic-simulated,SNSR-PATRAN-01,patran,Patran,7.33,667,24.1,86.2,safe,ok
2025-07-03T04:00,synthetic-simulated,SNSR-PATRAN-01,patran,Patran,7.28,662,24.9,77.6,safe,ok
2025-07-03T05:00,synthetic-simulated,SNSR-PATRAN-01,patran,Patran,7.3,669,25.7,74.9,safe,ok
2025-07-03T06:00,synthetic-simulated,SNSR-PATRAN-01,patran,Patran,7.3,649,26.4,66.7,watch,ok
2025-07-03T07:00,synthetic-simulated,SNSR-PATRAN-01,patran,Patran,7.28,657,26.1,74.9,safe,ok
2025-07-03T08:00,synthetic-simulated,SNSR-PATRAN-01,patran,Patran,7.31,673,27.6,80.8,safe,ok
2025-07-03T09:00,synthetic-simulated,SNSR-PATRAN-01,patran,Patran,7.28,665,27.3,88.5,safe,ok
2025-07-03T10:00,synthetic-simulated,SNSR-PATRAN-01,patran,Patran,7.29,666,28.2,98.3,safe,ok
2025-07-03T11:00,synthetic-simulated,SNSR-PATRAN-01,patran,Patran,7.3,662,29.6,100.3,safe,ok
2025-07-03T12:00,synthetic-simulated,SNSR-PATRAN-01,patran,Patran,7.32,649,30.8,111.1,watch,ok
2025-07-03T13:00,synthetic-simulated,SNSR-PATRAN-01,patran,Patran,7.27,647,30.7,109.5,watch,ok
2025-07-03T14:00,synthetic-simulated,SNSR-PATRAN-01,patran,Patran,7.28,662,31.5,95.6,safe,ok
2025-07-03T15:00,synthetic-simulated,SNSR-PATRAN-01,patran,Patran,7.32,661,31.3,82.6,safe,ok
2025-07-03T16:00,synthetic-simulated,SNSR-PATRAN-01,patran,Patran,7.32,684,32.0,77.8,safe,ok
2025-07-03T17:00,synthetic-simulated,SNSR-PATRAN-01,patran,Patran,7.29,671,31.4,74.3,safe,ok
2025-07-03T18:00,synthetic-simulated,SNSR-PATRAN-01,patran,Patran,7.34,665,30.4,67.9,safe,ok
2025-07-03T19:00,synthetic-simulated,SNSR-PATRAN-01,patran,Patran,7.29,673,29.0,75.5,safe,ok
2025-07-03T20:00,synthetic-simulated,SNSR-PATRAN-01,patran,Patran,7.25,668,28.3,80.4,safe,ok
2025-07-03T21:00,synthetic-simulated,SNSR-PATRAN-01,patran,Patran,7.22,678,28.1,88.7,safe,ok
2025-07-03T22:00,synthetic-simulated,SNSR-PATRAN-01,patran,Patran,,,,,,dropout
2025-07-03T23:00,synthetic-simulated,SNSR-PATRAN-01,patran,Patran,7.37,646,26.3,98.3,watch,ok
2025-07-04T00:00,synthetic-simulated,SNSR-PATRAN-01,patran,Patran,7.23,662,26.1,112.4,safe,ok
2025-07-04T01:00,synthetic-simulated,SNSR-PATRAN-01,patran,Patran,7.3,671,25.5,100.2,safe,ok
2025-07-04T02:00,synthetic-simulated,SNSR-PATRAN-01,patran,Patran,7.28,662,24.5,94.8,safe,ok
2025-07-04T03:00,synthetic-simulated,SNSR-PATRAN-01,patran,Patran,7.27,654,24.4,88.4,safe,ok
2025-07-04T04:00,synthetic-simulated,SNSR-PATRAN-01,patran,Patran,7.33,663,24.6,86.9,safe,ok
2025-07-04T05:00,synthetic-simulated,SNSR-PATRAN-01,patran,Patran,7.22,680,25.4,68.9,safe,ok
2025-07-04T06:00,synthetic-simulated,SNSR-PATRAN-01,patran,Patran,7.29,659,26.2,66.4,safe,ok
2025-07-04T07:00,synthetic-simulated,SNSR-PATRAN-01,patran,Patran,7.26,635,26.3,76.8,watch,ok
2025-07-04T08:00,synthetic-simulated,SNSR-PATRAN-01,patran,Patran,7.26,660,27.0,81.4,safe,ok
2025-07-04T09:00,synthetic-simulated,SNSR-PATRAN-01,patran,Patran,7.26,651,28.3,87.1,safe,ok
2025-07-04T10:00,synthetic-simulated,SNSR-PATRAN-01,patran,Patran,7.26,667,28.1,93.4,safe,ok
2025-07-04T11:00,synthetic-simulated,SNSR-PATRAN-01,patran,Patran,7.28,696,29.4,102.3,safe,ok
2025-07-04T12:00,synthetic-simulated,SNSR-PATRAN-01,patran,Patran,7.24,653,31.1,112.9,safe,ok
2025-07-04T13:00,synthetic-simulated,SNSR-PATRAN-01,patran,Patran,7.31,676,31.0,99.7,safe,ok
2025-07-04T14:00,synthetic-simulated,SNSR-PATRAN-01,patran,Patran,7.25,648,31.4,96.4,watch,ok
2025-07-04T15:00,synthetic-simulated,SNSR-PATRAN-01,patran,Patran,7.21,657,31.9,91.8,safe,ok
2025-07-04T16:00,synthetic-simulated,SNSR-PATRAN-01,patran,Patran,7.35,652,31.4,78.7,safe,ok
2025-07-04T17:00,synthetic-simulated,SNSR-PATRAN-01,patran,Patran,7.31,655,30.8,70.3,safe,ok
2025-07-04T18:00,synthetic-simulated,SNSR-PATRAN-01,patran,Patran,7.29,643,29.8,62.6,watch,ok
2025-07-04T19:00,synthetic-simulated,SNSR-PATRAN-01,patran,Patran,7.24,666,29.9,73.7,safe,ok
2025-07-04T20:00,synthetic-simulated,SNSR-PATRAN-01,patran,Patran,7.27,658,28.8,82.6,safe,ok
2025-07-04T21:00,synthetic-simulated,SNSR-PATRAN-01,patran,Patran,7.27,688,28.7,89.8,safe,ok
2025-07-04T22:00,synthetic-simulated,SNSR-PATRAN-01,patran,Patran,7.24,653,27.5,97.5,safe,ok
2025-07-04T23:00,synthetic-simulated,SNSR-PATRAN-01,patran,Patran,7.29,659,26.3,100.1,safe,ok
2025-07-05T00:00,synthetic-simulated,SNSR-PATRAN-01,patran,Patran,7.23,647,25.2,108.3,watch,ok
2025-07-05T01:00,synthetic-simulated,SNSR-PATRAN-01,patran,Patran,7.22,636,25.3,103.9,watch,ok
2025-07-05T02:00,synthetic-simulated,SNSR-PATRAN-01,patran,Patran,7.28,643,25.4,97.5,watch,ok
2025-07-05T03:00,synthetic-simulated,SNSR-PATRAN-01,patran,Patran,7.27,671,24.2,88.1,safe,ok
2025-07-05T04:00,synthetic-simulated,SNSR-PATRAN-01,patran,Patran,7.36,646,24.7,80.6,watch,ok
2025-07-05T05:00,synthetic-simulated,SNSR-PATRAN-01,patran,Patran,7.3,676,25.7,76.2,safe,ok
2025-07-05T06:00,synthetic-simulated,SNSR-PATRAN-01,patran,Patran,7.26,666,25.7,59.2,safe,ok
2025-07-05T07:00,synthetic-simulated,SNSR-PATRAN-01,patran,Patran,7.32,652,26.7,73.0,safe,ok
2025-07-05T08:00,synthetic-simulated,SNSR-PATRAN-01,patran,Patran,7.25,650,27.1,80.5,safe,ok
2025-07-05T09:00,synthetic-simulated,SNSR-PATRAN-01,patran,Patran,7.23,659,28.6,86.2,safe,ok
2025-07-05T10:00,synthetic-simulated,SNSR-PATRAN-01,patran,Patran,7.29,647,28.5,94.6,watch,ok
2025-07-05T11:00,synthetic-simulated,SNSR-PATRAN-01,patran,Patran,7.27,651,28.6,104.2,safe,ok
2025-07-05T12:00,synthetic-simulated,SNSR-PATRAN-01,patran,Patran,7.25,656,30.7,108.8,safe,ok
2025-07-05T13:00,synthetic-simulated,SNSR-PATRAN-01,patran,Patran,7.35,650,31.0,103.5,safe,ok
2025-07-05T14:00,synthetic-simulated,SNSR-PATRAN-01,patran,Patran,7.3,665,30.6,95.9,safe,ok
2025-07-05T15:00,synthetic-simulated,SNSR-PATRAN-01,patran,Patran,7.25,635,31.0,88.8,watch,ok
2025-07-05T16:00,synthetic-simulated,SNSR-PATRAN-01,patran,Patran,7.28,661,31.9,83.3,safe,ok
2025-07-05T17:00,synthetic-simulated,SNSR-PATRAN-01,patran,Patran,7.29,652,30.6,71.4,safe,ok
2025-07-05T18:00,synthetic-simulated,SNSR-PATRAN-01,patran,Patran,7.24,662,29.9,64.3,safe,ok
2025-07-05T19:00,synthetic-simulated,SNSR-PATRAN-01,patran,Patran,7.27,672,29.5,69.6,safe,ok
2025-07-05T20:00,synthetic-simulated,SNSR-PATRAN-01,patran,Patran,7.38,673,28.6,80.8,safe,ok
2025-07-05T21:00,synthetic-simulated,SNSR-PATRAN-01,patran,Patran,7.22,654,27.7,84.4,safe,ok
2025-07-05T22:00,synthetic-simulated,SNSR-PATRAN-01,patran,Patran,7.33,633,27.4,92.2,watch,ok
2025-07-05T23:00,synthetic-simulated,SNSR-PATRAN-01,patran,Patran,7.32,656,26.3,103.1,safe,ok
2025-06-22T00:00,synthetic-simulated,SNSR-RAJPURA-01,rajpura,Rajpura,7.33,702,25.2,112.9,safe,ok
2025-06-22T01:00,synthetic-simulated,SNSR-RAJPURA-01,rajpura,Rajpura,7.33,685,24.5,99.3,safe,ok
2025-06-22T02:00,synthetic-simulated,SNSR-RAJPURA-01,rajpura,Rajpura,7.28,704,24.6,94.8,safe,ok
2025-06-22T03:00,synthetic-simulated,SNSR-RAJPURA-01,rajpura,Rajpura,7.29,686,25.7,90.8,safe,ok
2025-06-22T04:00,synthetic-simulated,SNSR-RAJPURA-01,rajpura,Rajpura,7.32,686,23.4,81.0,safe,ok
2025-06-22T05:00,synthetic-simulated,SNSR-RAJPURA-01,rajpura,Rajpura,7.33,683,24.5,72.6,safe,ok
2025-06-22T06:00,synthetic-simulated,SNSR-RAJPURA-01,rajpura,Rajpura,7.23,693,25.3,65.0,safe,ok
2025-06-22T07:00,synthetic-simulated,SNSR-RAJPURA-01,rajpura,Rajpura,7.4,704,26.8,63.7,safe,ok
2025-06-22T08:00,synthetic-simulated,SNSR-RAJPURA-01,rajpura,Rajpura,7.39,689,26.7,79.7,safe,ok
2025-06-22T09:00,synthetic-simulated,SNSR-RAJPURA-01,rajpura,Rajpura,7.41,685,27.7,90.3,safe,ok
2025-06-22T10:00,synthetic-simulated,SNSR-RAJPURA-01,rajpura,Rajpura,7.34,680,29.2,98.4,safe,ok
2025-06-22T11:00,synthetic-simulated,SNSR-RAJPURA-01,rajpura,Rajpura,7.34,685,29.6,104.5,safe,ok
2025-06-22T12:00,synthetic-simulated,SNSR-RAJPURA-01,rajpura,Rajpura,7.3,682,30.7,107.7,safe,ok
2025-06-22T13:00,synthetic-simulated,SNSR-RAJPURA-01,rajpura,Rajpura,7.31,679,31.0,106.3,safe,ok
2025-06-22T14:00,synthetic-simulated,SNSR-RAJPURA-01,rajpura,Rajpura,7.26,684,30.9,98.8,safe,ok
2025-06-22T15:00,synthetic-simulated,SNSR-RAJPURA-01,rajpura,Rajpura,7.33,682,30.7,83.4,safe,ok
2025-06-22T16:00,synthetic-simulated,SNSR-RAJPURA-01,rajpura,Rajpura,7.43,689,30.3,80.6,safe,ok
2025-06-22T17:00,synthetic-simulated,SNSR-RAJPURA-01,rajpura,Rajpura,7.28,679,30.0,71.4,safe,ok
2025-06-22T18:00,synthetic-simulated,SNSR-RAJPURA-01,rajpura,Rajpura,7.29,687,30.5,62.9,safe,ok
2025-06-22T19:00,synthetic-simulated,SNSR-RAJPURA-01,rajpura,Rajpura,7.37,691,29.0,75.2,safe,ok
2025-06-22T20:00,synthetic-simulated,SNSR-RAJPURA-01,rajpura,Rajpura,7.38,706,28.7,82.8,safe,ok
2025-06-22T21:00,synthetic-simulated,SNSR-RAJPURA-01,rajpura,Rajpura,7.32,703,28.2,87.9,safe,ok
2025-06-22T22:00,synthetic-simulated,SNSR-RAJPURA-01,rajpura,Rajpura,7.43,688,27.3,92.0,safe,ok
2025-06-22T23:00,synthetic-simulated,SNSR-RAJPURA-01,rajpura,Rajpura,7.41,702,26.7,97.2,safe,ok
2025-06-23T00:00,synthetic-simulated,SNSR-RAJPURA-01,rajpura,Rajpura,7.39,672,26.0,111.0,safe,ok
2025-06-23T01:00,synthetic-simulated,SNSR-RAJPURA-01,rajpura,Rajpura,7.34,684,26.0,99.4,safe,ok
2025-06-23T02:00,synthetic-simulated,SNSR-RAJPURA-01,rajpura,Rajpura,7.34,673,24.6,94.5,safe,ok
2025-06-23T03:00,synthetic-simulated,SNSR-RAJPURA-01,rajpura,Rajpura,7.32,698,24.3,86.1,safe,ok
2025-06-23T04:00,synthetic-simulated,SNSR-RAJPURA-01,rajpura,Rajpura,7.38,684,24.7,80.5,safe,ok
2025-06-23T05:00,synthetic-simulated,SNSR-RAJPURA-01,rajpura,Rajpura,7.35,680,25.0,70.4,safe,ok
2025-06-23T06:00,synthetic-simulated,SNSR-RAJPURA-01,rajpura,Rajpura,7.37,702,25.3,68.0,safe,ok
2025-06-23T07:00,synthetic-simulated,SNSR-RAJPURA-01,rajpura,Rajpura,7.36,682,26.2,71.0,safe,ok
2025-06-23T08:00,synthetic-simulated,SNSR-RAJPURA-01,rajpura,Rajpura,7.37,687,27.3,78.9,safe,ok
2025-06-23T09:00,synthetic-simulated,SNSR-RAJPURA-01,rajpura,Rajpura,7.35,677,27.6,85.6,safe,ok
2025-06-23T10:00,synthetic-simulated,SNSR-RAJPURA-01,rajpura,Rajpura,7.28,682,28.5,99.3,safe,ok
2025-06-23T11:00,synthetic-simulated,SNSR-RAJPURA-01,rajpura,Rajpura,7.29,710,29.2,101.8,safe,ok
2025-06-23T12:00,synthetic-simulated,SNSR-RAJPURA-01,rajpura,Rajpura,7.4,702,30.6,108.6,safe,ok
2025-06-23T13:00,synthetic-simulated,SNSR-RAJPURA-01,rajpura,Rajpura,7.28,682,30.3,102.9,safe,ok
2025-06-23T14:00,synthetic-simulated,SNSR-RAJPURA-01,rajpura,Rajpura,7.29,700,31.2,93.7,safe,ok
2025-06-23T15:00,synthetic-simulated,SNSR-RAJPURA-01,rajpura,Rajpura,7.28,700,30.6,85.6,safe,ok
2025-06-23T16:00,synthetic-simulated,SNSR-RAJPURA-01,rajpura,Rajpura,7.35,683,30.5,80.4,safe,ok
2025-06-23T17:00,synthetic-simulated,SNSR-RAJPURA-01,rajpura,Rajpura,7.33,708,30.4,75.3,safe,ok
2025-06-23T18:00,synthetic-simulated,SNSR-RAJPURA-01,rajpura,Rajpura,7.39,694,29.8,62.0,safe,ok
2025-06-23T19:00,synthetic-simulated,SNSR-RAJPURA-01,rajpura,Rajpura,7.37,659,28.9,70.5,safe,ok
2025-06-23T20:00,synthetic-simulated,SNSR-RAJPURA-01,rajpura,Rajpura,7.41,672,28.2,77.6,safe,ok
2025-06-23T21:00,synthetic-simulated,SNSR-RAJPURA-01,rajpura,Rajpura,7.29,692,27.9,91.2,safe,ok
2025-06-23T22:00,synthetic-simulated,SNSR-RAJPURA-01,rajpura,Rajpura,7.32,674,27.4,95.3,safe,ok
2025-06-23T23:00,synthetic-simulated,SNSR-RAJPURA-01,rajpura,Rajpura,7.31,703,25.5,108.1,safe,ok
2025-06-24T00:00,synthetic-simulated,SNSR-RAJPURA-01,rajpura,Rajpura,7.39,692,26.1,107.6,safe,ok
2025-06-24T01:00,synthetic-simulated,SNSR-RAJPURA-01,rajpura,Rajpura,7.32,700,24.9,97.7,safe,ok
2025-06-24T02:00,synthetic-simulated,SNSR-RAJPURA-01,rajpura,Rajpura,7.34,694,24.7,96.1,safe,ok
2025-06-24T03:00,synthetic-simulated,SNSR-RAJPURA-01,rajpura,Rajpura,7.38,696,24.2,91.1,safe,ok
2025-06-24T04:00,synthetic-simulated,SNSR-RAJPURA-01,rajpura,Rajpura,7.3,680,23.9,85.6,safe,ok
2025-06-24T05:00,synthetic-simulated,SNSR-RAJPURA-01,rajpura,Rajpura,7.34,691,25.4,72.7,safe,ok
2025-06-24T06:00,synthetic-simulated,SNSR-RAJPURA-01,rajpura,Rajpura,7.35,687,25.4,67.3,safe,ok
2025-06-24T07:00,synthetic-simulated,SNSR-RAJPURA-01,rajpura,Rajpura,7.36,695,26.8,70.4,safe,ok
2025-06-24T08:00,synthetic-simulated,SNSR-RAJPURA-01,rajpura,Rajpura,7.32,686,27.2,77.6,safe,ok
2025-06-24T09:00,synthetic-simulated,SNSR-RAJPURA-01,rajpura,Rajpura,7.37,673,27.5,86.5,safe,ok
2025-06-24T10:00,synthetic-simulated,SNSR-RAJPURA-01,rajpura,Rajpura,7.38,710,28.8,92.8,safe,ok
2025-06-24T11:00,synthetic-simulated,SNSR-RAJPURA-01,rajpura,Rajpura,7.34,693,30.0,103.2,safe,ok
2025-06-24T12:00,synthetic-simulated,SNSR-RAJPURA-01,rajpura,Rajpura,7.29,657,30.0,112.9,safe,ok
2025-06-24T13:00,synthetic-simulated,SNSR-RAJPURA-01,rajpura,Rajpura,7.31,670,30.3,103.7,safe,ok
2025-06-24T14:00,synthetic-simulated,SNSR-RAJPURA-01,rajpura,Rajpura,7.35,675,30.7,94.8,safe,ok
2025-06-24T15:00,synthetic-simulated,SNSR-RAJPURA-01,rajpura,Rajpura,7.36,678,30.8,85.5,safe,ok
2025-06-24T16:00,synthetic-simulated,SNSR-RAJPURA-01,rajpura,Rajpura,7.39,677,30.9,81.7,safe,ok
2025-06-24T17:00,synthetic-simulated,SNSR-RAJPURA-01,rajpura,Rajpura,7.33,688,31.1,71.3,safe,ok
2025-06-24T18:00,synthetic-simulated,SNSR-RAJPURA-01,rajpura,Rajpura,7.32,686,30.0,57.9,safe,ok
2025-06-24T19:00,synthetic-simulated,SNSR-RAJPURA-01,rajpura,Rajpura,7.29,712,29.5,75.0,safe,ok
2025-06-24T20:00,synthetic-simulated,SNSR-RAJPURA-01,rajpura,Rajpura,7.35,695,28.0,79.8,safe,ok
2025-06-24T21:00,synthetic-simulated,SNSR-RAJPURA-01,rajpura,Rajpura,7.3,700,27.9,88.2,safe,ok
2025-06-24T22:00,synthetic-simulated,SNSR-RAJPURA-01,rajpura,Rajpura,7.35,671,26.5,95.8,safe,ok
2025-06-24T23:00,synthetic-simulated,SNSR-RAJPURA-01,rajpura,Rajpura,7.32,689,26.9,103.2,safe,ok
2025-06-25T00:00,synthetic-simulated,SNSR-RAJPURA-01,rajpura,Rajpura,7.27,686,25.5,109.7,safe,ok
2025-06-25T01:00,synthetic-simulated,SNSR-RAJPURA-01,rajpura,Rajpura,7.35,712,25.1,102.2,safe,ok
2025-06-25T02:00,synthetic-simulated,SNSR-RAJPURA-01,rajpura,Rajpura,7.36,667,24.7,94.8,safe,ok
2025-06-25T03:00,synthetic-simulated,SNSR-RAJPURA-01,rajpura,Rajpura,7.37,691,24.8,87.2,safe,ok
2025-06-25T04:00,synthetic-simulated,SNSR-RAJPURA-01,rajpura,Rajpura,7.39,698,25.0,82.2,safe,ok
2025-06-25T05:00,synthetic-simulated,SNSR-RAJPURA-01,rajpura,Rajpura,7.41,669,25.0,72.9,safe,ok
2025-06-25T06:00,synthetic-simulated,SNSR-RAJPURA-01,rajpura,Rajpura,7.35,707,25.4,69.6,safe,ok
2025-06-25T07:00,synthetic-simulated,SNSR-RAJPURA-01,rajpura,Rajpura,7.34,691,24.9,70.7,safe,ok
2025-06-25T08:00,synthetic-simulated,SNSR-RAJPURA-01,rajpura,Rajpura,7.32,689,26.8,77.7,safe,ok
2025-06-25T09:00,synthetic-simulated,SNSR-RAJPURA-01,rajpura,Rajpura,7.32,696,27.8,89.7,safe,ok
2025-06-25T10:00,synthetic-simulated,SNSR-RAJPURA-01,rajpura,Rajpura,7.27,679,28.6,94.5,safe,ok
2025-06-25T11:00,synthetic-simulated,SNSR-RAJPURA-01,rajpura,Rajpura,7.34,691,29.2,102.2,safe,ok
2025-06-25T12:00,synthetic-simulated,SNSR-RAJPURA-01,rajpura,Rajpura,7.36,708,29.5,109.1,safe,ok
2025-06-25T13:00,synthetic-simulated,SNSR-RAJPURA-01,rajpura,Rajpura,7.31,702,31.1,101.8,safe,ok
2025-06-25T14:00,synthetic-simulated,SNSR-RAJPURA-01,rajpura,Rajpura,7.31,689,31.1,96.1,safe,ok
2025-06-25T15:00,synthetic-simulated,SNSR-RAJPURA-01,rajpura,Rajpura,7.39,690,30.5,83.4,safe,ok
2025-06-25T16:00,synthetic-simulated,SNSR-RAJPURA-01,rajpura,Rajpura,7.38,687,31.0,78.5,safe,ok
2025-06-25T17:00,synthetic-simulated,SNSR-RAJPURA-01,rajpura,Rajpura,7.27,695,30.2,72.6,safe,ok
2025-06-25T18:00,synthetic-simulated,SNSR-RAJPURA-01,rajpura,Rajpura,7.35,688,29.8,66.6,safe,ok
2025-06-25T19:00,synthetic-simulated,SNSR-RAJPURA-01,rajpura,Rajpura,7.39,677,30.2,68.5,safe,ok
2025-06-25T20:00,synthetic-simulated,SNSR-RAJPURA-01,rajpura,Rajpura,7.29,707,28.2,83.4,safe,ok
2025-06-25T21:00,synthetic-simulated,SNSR-RAJPURA-01,rajpura,Rajpura,7.26,662,27.3,84.9,safe,ok
2025-06-25T22:00,synthetic-simulated,SNSR-RAJPURA-01,rajpura,Rajpura,7.31,663,26.9,96.2,safe,ok
2025-06-25T23:00,synthetic-simulated,SNSR-RAJPURA-01,rajpura,Rajpura,7.32,667,26.5,104.9,safe,ok
2025-06-26T00:00,synthetic-simulated,SNSR-RAJPURA-01,rajpura,Rajpura,7.36,708,25.4,111.9,safe,ok
2025-06-26T01:00,synthetic-simulated,SNSR-RAJPURA-01,rajpura,Rajpura,7.35,699,25.0,102.0,safe,ok
2025-06-26T02:00,synthetic-simulated,SNSR-RAJPURA-01,rajpura,Rajpura,7.35,684,23.8,94.0,safe,ok
2025-06-26T03:00,synthetic-simulated,SNSR-RAJPURA-01,rajpura,Rajpura,7.4,693,25.0,91.0,safe,ok
2025-06-26T04:00,synthetic-simulated,SNSR-RAJPURA-01,rajpura,Rajpura,7.32,704,24.7,81.4,safe,ok
2025-06-26T05:00,synthetic-simulated,SNSR-RAJPURA-01,rajpura,Rajpura,7.37,700,24.2,75.4,safe,ok
2025-06-26T06:00,synthetic-simulated,SNSR-RAJPURA-01,rajpura,Rajpura,7.31,682,25.4,59.8,safe,ok
2025-06-26T07:00,synthetic-simulated,SNSR-RAJPURA-01,rajpura,Rajpura,7.33,677,25.3,72.7,safe,ok
2025-06-26T08:00,synthetic-simulated,SNSR-RAJPURA-01,rajpura,Rajpura,7.27,689,27.1,79.9,safe,ok
2025-06-26T09:00,synthetic-simulated,SNSR-RAJPURA-01,rajpura,Rajpura,7.3,665,28.0,85.1,safe,ok
2025-06-26T10:00,synthetic-simulated,SNSR-RAJPURA-01,rajpura,Rajpura,7.3,670,28.5,90.3,safe,ok
2025-06-26T11:00,synthetic-simulated,SNSR-RAJPURA-01,rajpura,Rajpura,7.32,702,28.4,103.8,safe,ok
2025-06-26T12:00,synthetic-simulated,SNSR-RAJPURA-01,rajpura,Rajpura,7.32,701,29.9,110.6,safe,ok
2025-06-26T13:00,synthetic-simulated,SNSR-RAJPURA-01,rajpura,Rajpura,7.25,682,30.3,100.8,safe,ok
2025-06-26T14:00,synthetic-simulated,SNSR-RAJPURA-01,rajpura,Rajpura,7.29,695,30.5,96.3,safe,ok
2025-06-26T15:00,synthetic-simulated,SNSR-RAJPURA-01,rajpura,Rajpura,7.31,704,30.6,88.7,safe,ok
2025-06-26T16:00,synthetic-simulated,SNSR-RAJPURA-01,rajpura,Rajpura,7.32,653,30.1,82.6,safe,ok
2025-06-26T17:00,synthetic-simulated,SNSR-RAJPURA-01,rajpura,Rajpura,7.37,696,31.2,72.8,safe,ok
2025-06-26T18:00,synthetic-simulated,SNSR-RAJPURA-01,rajpura,Rajpura,7.3,679,29.8,60.4,safe,ok
2025-06-26T19:00,synthetic-simulated,SNSR-RAJPURA-01,rajpura,Rajpura,7.29,696,28.6,72.8,safe,ok
2025-06-26T20:00,synthetic-simulated,SNSR-RAJPURA-01,rajpura,Rajpura,7.36,708,27.7,81.1,safe,ok
2025-06-26T21:00,synthetic-simulated,SNSR-RAJPURA-01,rajpura,Rajpura,7.35,683,27.9,91.7,safe,ok
2025-06-26T22:00,synthetic-simulated,SNSR-RAJPURA-01,rajpura,Rajpura,7.39,692,27.2,93.9,safe,ok
2025-06-26T23:00,synthetic-simulated,SNSR-RAJPURA-01,rajpura,Rajpura,7.31,694,26.3,100.0,safe,ok
2025-06-27T00:00,synthetic-simulated,SNSR-RAJPURA-01,rajpura,Rajpura,7.33,675,26.1,116.1,safe,ok
2025-06-27T01:00,synthetic-simulated,SNSR-RAJPURA-01,rajpura,Rajpura,7.4,695,25.5,98.4,safe,ok
2025-06-27T02:00,synthetic-simulated,SNSR-RAJPURA-01,rajpura,Rajpura,7.36,698,24.6,97.0,safe,ok
2025-06-27T03:00,synthetic-simulated,SNSR-RAJPURA-01,rajpura,Rajpura,7.32,693,24.2,87.2,safe,ok
2025-06-27T04:00,synthetic-simulated,SNSR-RAJPURA-01,rajpura,Rajpura,7.29,690,25.0,79.6,safe,ok
2025-06-27T05:00,synthetic-simulated,SNSR-RAJPURA-01,rajpura,Rajpura,7.34,705,25.3,74.4,safe,ok
2025-06-27T06:00,synthetic-simulated,SNSR-RAJPURA-01,rajpura,Rajpura,7.38,693,24.9,61.2,safe,ok
2025-06-27T07:00,synthetic-simulated,SNSR-RAJPURA-01,rajpura,Rajpura,7.3,666,25.9,75.6,safe,ok
2025-06-27T08:00,synthetic-simulated,SNSR-RAJPURA-01,rajpura,Rajpura,7.35,661,27.2,80.0,safe,ok
2025-06-27T09:00,synthetic-simulated,SNSR-RAJPURA-01,rajpura,Rajpura,7.3,699,27.9,87.6,safe,ok
2025-06-27T10:00,synthetic-simulated,SNSR-RAJPURA-01,rajpura,Rajpura,7.34,677,28.5,98.2,safe,ok
2025-06-27T11:00,synthetic-simulated,SNSR-RAJPURA-01,rajpura,Rajpura,7.41,685,29.5,100.8,safe,ok
2025-06-27T12:00,synthetic-simulated,SNSR-RAJPURA-01,rajpura,Rajpura,7.28,703,30.2,109.4,safe,ok
2025-06-27T13:00,synthetic-simulated,SNSR-RAJPURA-01,rajpura,Rajpura,7.33,684,30.5,100.9,safe,ok
2025-06-27T14:00,synthetic-simulated,SNSR-RAJPURA-01,rajpura,Rajpura,7.41,690,30.5,94.3,safe,ok
2025-06-27T15:00,synthetic-simulated,SNSR-RAJPURA-01,rajpura,Rajpura,7.33,693,31.2,84.7,safe,ok
2025-06-27T16:00,synthetic-simulated,SNSR-RAJPURA-01,rajpura,Rajpura,7.3,681,31.4,78.8,safe,ok
2025-06-27T17:00,synthetic-simulated,SNSR-RAJPURA-01,rajpura,Rajpura,7.31,692,30.4,70.3,safe,ok
2025-06-27T18:00,synthetic-simulated,SNSR-RAJPURA-01,rajpura,Rajpura,7.25,684,30.0,66.2,safe,ok
2025-06-27T19:00,synthetic-simulated,SNSR-RAJPURA-01,rajpura,Rajpura,7.35,707,28.6,77.0,safe,ok
2025-06-27T20:00,synthetic-simulated,SNSR-RAJPURA-01,rajpura,Rajpura,7.35,687,28.5,76.5,safe,ok
2025-06-27T21:00,synthetic-simulated,SNSR-RAJPURA-01,rajpura,Rajpura,7.36,689,27.9,86.7,safe,ok
2025-06-27T22:00,synthetic-simulated,SNSR-RAJPURA-01,rajpura,Rajpura,7.3,695,27.2,97.0,safe,ok
2025-06-27T23:00,synthetic-simulated,SNSR-RAJPURA-01,rajpura,Rajpura,7.29,679,25.6,99.9,safe,ok
2025-06-28T00:00,synthetic-simulated,SNSR-RAJPURA-01,rajpura,Rajpura,7.32,710,26.3,112.5,safe,ok
2025-06-28T01:00,synthetic-simulated,SNSR-RAJPURA-01,rajpura,Rajpura,7.34,695,25.6,100.8,safe,ok
2025-06-28T02:00,synthetic-simulated,SNSR-RAJPURA-01,rajpura,Rajpura,7.31,683,24.7,97.9,safe,ok
2025-06-28T03:00,synthetic-simulated,SNSR-RAJPURA-01,rajpura,Rajpura,7.33,689,24.4,87.4,safe,ok
2025-06-28T04:00,synthetic-simulated,SNSR-RAJPURA-01,rajpura,Rajpura,7.35,690,25.1,79.4,safe,ok
2025-06-28T05:00,synthetic-simulated,SNSR-RAJPURA-01,rajpura,Rajpura,7.35,696,24.3,70.0,safe,ok
2025-06-28T06:00,synthetic-simulated,SNSR-RAJPURA-01,rajpura,Rajpura,7.34,687,25.5,58.9,safe,ok
2025-06-28T07:00,synthetic-simulated,SNSR-RAJPURA-01,rajpura,Rajpura,7.4,701,26.0,74.0,safe,ok
2025-06-28T08:00,synthetic-simulated,SNSR-RAJPURA-01,rajpura,Rajpura,7.26,690,26.7,79.4,safe,ok
2025-06-28T09:00,synthetic-simulated,SNSR-RAJPURA-01,rajpura,Rajpura,7.25,673,27.9,90.0,safe,ok
2025-06-28T10:00,synthetic-simulated,SNSR-RAJPURA-01,rajpura,Rajpura,7.35,693,28.1,94.3,safe,ok
2025-06-28T11:00,synthetic-simulated,SNSR-RAJPURA-01,rajpura,Rajpura,7.35,682,29.3,103.4,safe,ok
2025-06-28T12:00,synthetic-simulated,SNSR-RAJPURA-01,rajpura,Rajpura,7.32,691,29.4,109.0,safe,ok
2025-06-28T13:00,synthetic-simulated,SNSR-RAJPURA-01,rajpura,Rajpura,7.33,707,30.6,101.2,safe,ok
2025-06-28T14:00,synthetic-simulated,SNSR-RAJPURA-01,rajpura,Rajpura,7.37,682,31.2,93.4,safe,ok
2025-06-28T15:00,synthetic-simulated,SNSR-RAJPURA-01,rajpura,Rajpura,7.33,688,30.9,85.9,safe,ok
2025-06-28T16:00,synthetic-simulated,SNSR-RAJPURA-01,rajpura,Rajpura,7.36,662,30.9,80.8,safe,ok
2025-06-28T17:00,synthetic-simulated,SNSR-RAJPURA-01,rajpura,Rajpura,7.33,690,30.8,70.7,safe,ok
2025-06-28T18:00,synthetic-simulated,SNSR-RAJPURA-01,rajpura,Rajpura,7.4,689,30.0,65.9,safe,ok
2025-06-28T19:00,synthetic-simulated,SNSR-RAJPURA-01,rajpura,Rajpura,7.34,703,28.9,75.2,safe,ok
2025-06-28T20:00,synthetic-simulated,SNSR-RAJPURA-01,rajpura,Rajpura,7.33,675,28.3,76.9,safe,ok
2025-06-28T21:00,synthetic-simulated,SNSR-RAJPURA-01,rajpura,Rajpura,7.25,713,28.1,89.6,safe,ok
2025-06-28T22:00,synthetic-simulated,SNSR-RAJPURA-01,rajpura,Rajpura,7.38,683,27.7,101.1,safe,ok
2025-06-28T23:00,synthetic-simulated,SNSR-RAJPURA-01,rajpura,Rajpura,7.4,666,26.1,102.6,safe,ok
2025-06-29T00:00,synthetic-simulated,SNSR-RAJPURA-01,rajpura,Rajpura,7.31,705,25.3,109.4,safe,ok
2025-06-29T01:00,synthetic-simulated,SNSR-RAJPURA-01,rajpura,Rajpura,7.38,684,24.8,100.9,safe,ok
2025-06-29T02:00,synthetic-simulated,SNSR-RAJPURA-01,rajpura,Rajpura,7.32,706,24.9,93.8,safe,ok
2025-06-29T03:00,synthetic-simulated,SNSR-RAJPURA-01,rajpura,Rajpura,7.39,683,24.3,90.5,safe,ok
2025-06-29T04:00,synthetic-simulated,SNSR-RAJPURA-01,rajpura,Rajpura,7.3,688,24.9,81.3,safe,ok
2025-06-29T05:00,synthetic-simulated,SNSR-RAJPURA-01,rajpura,Rajpura,7.37,659,25.2,73.2,safe,ok
2025-06-29T06:00,synthetic-simulated,SNSR-RAJPURA-01,rajpura,Rajpura,7.35,683,25.9,65.4,safe,ok
2025-06-29T07:00,synthetic-simulated,SNSR-RAJPURA-01,rajpura,Rajpura,7.31,712,26.1,71.7,safe,ok
2025-06-29T08:00,synthetic-simulated,SNSR-RAJPURA-01,rajpura,Rajpura,7.32,690,26.9,80.7,safe,ok
2025-06-29T09:00,synthetic-simulated,SNSR-RAJPURA-01,rajpura,Rajpura,7.36,696,28.0,90.4,safe,ok
2025-06-29T10:00,synthetic-simulated,SNSR-RAJPURA-01,rajpura,Rajpura,7.38,680,28.5,97.2,safe,ok
2025-06-29T11:00,synthetic-simulated,SNSR-RAJPURA-01,rajpura,Rajpura,7.43,678,29.1,104.2,safe,ok
2025-06-29T12:00,synthetic-simulated,SNSR-RAJPURA-01,rajpura,Rajpura,7.35,709,29.7,110.1,safe,ok
2025-06-29T13:00,synthetic-simulated,SNSR-RAJPURA-01,rajpura,Rajpura,7.4,680,30.3,102.8,safe,ok
2025-06-29T14:00,synthetic-simulated,SNSR-RAJPURA-01,rajpura,Rajpura,7.33,699,31.4,97.6,safe,ok
2025-06-29T15:00,synthetic-simulated,SNSR-RAJPURA-01,rajpura,Rajpura,7.36,687,30.4,82.2,safe,ok
2025-06-29T16:00,synthetic-simulated,SNSR-RAJPURA-01,rajpura,Rajpura,7.33,671,30.6,82.8,safe,ok
2025-06-29T17:00,synthetic-simulated,SNSR-RAJPURA-01,rajpura,Rajpura,7.35,680,30.7,69.9,safe,ok
2025-06-29T18:00,synthetic-simulated,SNSR-RAJPURA-01,rajpura,Rajpura,7.33,705,30.4,65.4,safe,ok
2025-06-29T19:00,synthetic-simulated,SNSR-RAJPURA-01,rajpura,Rajpura,7.32,682,29.3,72.4,safe,ok
2025-06-29T20:00,synthetic-simulated,SNSR-RAJPURA-01,rajpura,Rajpura,7.28,699,27.9,78.7,safe,ok
2025-06-29T21:00,synthetic-simulated,SNSR-RAJPURA-01,rajpura,Rajpura,7.31,683,28.0,89.0,safe,ok
2025-06-29T22:00,synthetic-simulated,SNSR-RAJPURA-01,rajpura,Rajpura,7.33,706,27.8,97.1,safe,ok
2025-06-29T23:00,synthetic-simulated,SNSR-RAJPURA-01,rajpura,Rajpura,7.34,685,26.9,106.9,safe,ok
2025-06-30T00:00,synthetic-simulated,SNSR-RAJPURA-01,rajpura,Rajpura,7.38,700,24.8,112.6,safe,ok
2025-06-30T01:00,synthetic-simulated,SNSR-RAJPURA-01,rajpura,Rajpura,7.39,714,25.1,97.1,safe,ok
2025-06-30T02:00,synthetic-simulated,SNSR-RAJPURA-01,rajpura,Rajpura,7.32,700,25.4,96.4,safe,ok
2025-06-30T03:00,synthetic-simulated,SNSR-RAJPURA-01,rajpura,Rajpura,7.37,685,24.2,83.4,safe,ok
2025-06-30T04:00,synthetic-simulated,SNSR-RAJPURA-01,rajpura,Rajpura,7.38,687,24.9,79.8,safe,ok
2025-06-30T05:00,synthetic-simulated,SNSR-RAJPURA-01,rajpura,Rajpura,7.31,678,25.2,71.5,safe,ok
2025-06-30T06:00,synthetic-simulated,SNSR-RAJPURA-01,rajpura,Rajpura,7.34,712,25.8,63.7,safe,ok
2025-06-30T07:00,synthetic-simulated,SNSR-RAJPURA-01,rajpura,Rajpura,7.27,678,25.7,73.9,safe,ok
2025-06-30T08:00,synthetic-simulated,SNSR-RAJPURA-01,rajpura,Rajpura,7.36,683,27.0,87.9,safe,ok
2025-06-30T09:00,synthetic-simulated,SNSR-RAJPURA-01,rajpura,Rajpura,7.28,668,27.8,85.5,safe,ok
2025-06-30T10:00,synthetic-simulated,SNSR-RAJPURA-01,rajpura,Rajpura,7.35,700,28.0,97.0,safe,ok
2025-06-30T11:00,synthetic-simulated,SNSR-RAJPURA-01,rajpura,Rajpura,7.32,700,29.5,103.3,safe,ok
2025-06-30T12:00,synthetic-simulated,SNSR-RAJPURA-01,rajpura,Rajpura,7.36,688,30.2,112.6,safe,ok
2025-06-30T13:00,synthetic-simulated,SNSR-RAJPURA-01,rajpura,Rajpura,7.37,663,30.4,101.4,safe,ok
2025-06-30T14:00,synthetic-simulated,SNSR-RAJPURA-01,rajpura,Rajpura,7.31,706,30.9,97.3,safe,ok
2025-06-30T15:00,synthetic-simulated,SNSR-RAJPURA-01,rajpura,Rajpura,7.28,686,31.5,85.6,safe,ok
2025-06-30T16:00,synthetic-simulated,SNSR-RAJPURA-01,rajpura,Rajpura,7.32,671,30.8,77.8,safe,ok
2025-06-30T17:00,synthetic-simulated,SNSR-RAJPURA-01,rajpura,Rajpura,,,,,,dropout
2025-06-30T18:00,synthetic-simulated,SNSR-RAJPURA-01,rajpura,Rajpura,7.38,676,29.7,69.6,safe,ok
2025-06-30T19:00,synthetic-simulated,SNSR-RAJPURA-01,rajpura,Rajpura,7.36,700,29.6,77.4,safe,ok
2025-06-30T20:00,synthetic-simulated,SNSR-RAJPURA-01,rajpura,Rajpura,7.29,675,28.9,79.4,safe,ok
2025-06-30T21:00,synthetic-simulated,SNSR-RAJPURA-01,rajpura,Rajpura,7.37,710,28.1,89.6,safe,ok
2025-06-30T22:00,synthetic-simulated,SNSR-RAJPURA-01,rajpura,Rajpura,7.34,676,26.6,98.5,safe,ok
2025-06-30T23:00,synthetic-simulated,SNSR-RAJPURA-01,rajpura,Rajpura,7.3,680,25.6,105.8,safe,ok
2025-07-01T00:00,synthetic-simulated,SNSR-RAJPURA-01,rajpura,Rajpura,7.31,694,25.6,108.9,safe,ok
2025-07-01T01:00,synthetic-simulated,SNSR-RAJPURA-01,rajpura,Rajpura,7.36,706,25.2,104.3,safe,ok
2025-07-01T02:00,synthetic-simulated,SNSR-RAJPURA-01,rajpura,Rajpura,7.37,690,25.3,94.3,safe,ok
2025-07-01T03:00,synthetic-simulated,SNSR-RAJPURA-01,rajpura,Rajpura,7.29,696,24.7,88.0,safe,ok
2025-07-01T04:00,synthetic-simulated,SNSR-RAJPURA-01,rajpura,Rajpura,7.37,691,25.3,75.6,safe,ok
2025-07-01T05:00,synthetic-simulated,SNSR-RAJPURA-01,rajpura,Rajpura,7.43,694,25.3,74.6,safe,ok
2025-07-01T06:00,synthetic-simulated,SNSR-RAJPURA-01,rajpura,Rajpura,7.26,700,26.1,64.3,safe,ok
2025-07-01T07:00,synthetic-simulated,SNSR-RAJPURA-01,rajpura,Rajpura,7.34,691,25.6,75.7,safe,ok
2025-07-01T08:00,synthetic-simulated,SNSR-RAJPURA-01,rajpura,Rajpura,7.34,692,26.9,81.6,safe,ok
2025-07-01T09:00,synthetic-simulated,SNSR-RAJPURA-01,rajpura,Rajpura,7.31,695,28.2,87.3,safe,ok
2025-07-01T10:00,synthetic-simulated,SNSR-RAJPURA-01,rajpura,Rajpura,7.34,679,28.0,97.5,safe,ok
2025-07-01T11:00,synthetic-simulated,SNSR-RAJPURA-01,rajpura,Rajpura,7.33,683,29.6,104.4,safe,ok
2025-07-01T12:00,synthetic-simulated,SNSR-RAJPURA-01,rajpura,Rajpura,7.36,696,30.1,109.9,safe,ok
2025-07-01T13:00,synthetic-simulated,SNSR-RAJPURA-01,rajpura,Rajpura,7.39,686,31.0,99.4,safe,ok
2025-07-01T14:00,synthetic-simulated,SNSR-RAJPURA-01,rajpura,Rajpura,7.36,687,30.8,98.3,safe,ok
2025-07-01T15:00,synthetic-simulated,SNSR-RAJPURA-01,rajpura,Rajpura,7.33,681,31.4,86.8,safe,ok
2025-07-01T16:00,synthetic-simulated,SNSR-RAJPURA-01,rajpura,Rajpura,7.35,697,30.9,77.6,safe,ok
2025-07-01T17:00,synthetic-simulated,SNSR-RAJPURA-01,rajpura,Rajpura,7.48,684,31.2,72.6,safe,ok
2025-07-01T18:00,synthetic-simulated,SNSR-RAJPURA-01,rajpura,Rajpura,7.32,697,30.0,67.0,safe,ok
2025-07-01T19:00,synthetic-simulated,SNSR-RAJPURA-01,rajpura,Rajpura,7.4,694,30.1,72.4,safe,ok
2025-07-01T20:00,synthetic-simulated,SNSR-RAJPURA-01,rajpura,Rajpura,7.39,696,28.3,79.9,safe,ok
2025-07-01T21:00,synthetic-simulated,SNSR-RAJPURA-01,rajpura,Rajpura,7.31,686,27.7,84.3,safe,ok
2025-07-01T22:00,synthetic-simulated,SNSR-RAJPURA-01,rajpura,Rajpura,7.28,679,27.1,96.7,safe,ok
2025-07-01T23:00,synthetic-simulated,SNSR-RAJPURA-01,rajpura,Rajpura,7.37,686,25.8,106.7,safe,ok
2025-07-02T00:00,synthetic-simulated,SNSR-RAJPURA-01,rajpura,Rajpura,7.39,686,25.5,109.0,safe,ok
2025-07-02T01:00,synthetic-simulated,SNSR-RAJPURA-01,rajpura,Rajpura,7.35,676,25.2,96.5,safe,ok
2025-07-02T02:00,synthetic-simulated,SNSR-RAJPURA-01,rajpura,Rajpura,7.32,686,24.6,94.2,safe,ok
2025-07-02T03:00,synthetic-simulated,SNSR-RAJPURA-01,rajpura,Rajpura,7.27,692,24.6,85.9,safe,ok
2025-07-02T04:00,synthetic-simulated,SNSR-RAJPURA-01,rajpura,Rajpura,7.34,677,24.4,84.1,safe,ok
2025-07-02T05:00,synthetic-simulated,SNSR-RAJPURA-01,rajpura,Rajpura,7.34,666,25.1,74.9,safe,ok
2025-07-02T06:00,synthetic-simulated,SNSR-RAJPURA-01,rajpura,Rajpura,7.38,687,25.4,65.2,safe,ok
2025-07-02T07:00,synthetic-simulated,SNSR-RAJPURA-01,rajpura,Rajpura,7.31,686,26.4,69.7,safe,ok
2025-07-02T08:00,synthetic-simulated,SNSR-RAJPURA-01,rajpura,Rajpura,7.29,704,26.9,82.4,safe,ok
2025-07-02T09:00,synthetic-simulated,SNSR-RAJPURA-01,rajpura,Rajpura,7.29,667,27.6,88.2,safe,ok
2025-07-02T10:00,synthetic-simulated,SNSR-RAJPURA-01,rajpura,Rajpura,7.37,706,28.3,94.4,safe,ok
2025-07-02T11:00,synthetic-simulated,SNSR-RAJPURA-01,rajpura,Rajpura,7.33,694,29.7,102.6,safe,ok
2025-07-02T12:00,synthetic-simulated,SNSR-RAJPURA-01,rajpura,Rajpura,7.4,715,29.7,110.9,safe,ok
2025-07-02T13:00,synthetic-simulated,SNSR-RAJPURA-01,rajpura,Rajpura,7.36,683,30.9,104.3,safe,ok
2025-07-02T14:00,synthetic-simulated,SNSR-RAJPURA-01,rajpura,Rajpura,7.4,668,30.9,92.0,safe,ok
2025-07-02T15:00,synthetic-simulated,SNSR-RAJPURA-01,rajpura,Rajpura,7.38,700,30.9,87.8,safe,ok
2025-07-02T16:00,synthetic-simulated,SNSR-RAJPURA-01,rajpura,Rajpura,7.3,698,31.2,78.9,safe,ok
2025-07-02T17:00,synthetic-simulated,SNSR-RAJPURA-01,rajpura,Rajpura,7.27,681,29.6,74.2,safe,ok
2025-07-02T18:00,synthetic-simulated,SNSR-RAJPURA-01,rajpura,Rajpura,7.32,685,30.1,63.0,safe,ok
2025-07-02T19:00,synthetic-simulated,SNSR-RAJPURA-01,rajpura,Rajpura,7.3,682,29.4,70.9,safe,ok
2025-07-02T20:00,synthetic-simulated,SNSR-RAJPURA-01,rajpura,Rajpura,7.34,695,27.9,75.3,safe,ok
2025-07-02T21:00,synthetic-simulated,SNSR-RAJPURA-01,rajpura,Rajpura,7.35,702,27.8,87.4,safe,ok
2025-07-02T22:00,synthetic-simulated,SNSR-RAJPURA-01,rajpura,Rajpura,7.32,693,27.0,94.1,safe,ok
2025-07-02T23:00,synthetic-simulated,SNSR-RAJPURA-01,rajpura,Rajpura,7.37,682,26.9,102.8,safe,ok
2025-07-03T00:00,synthetic-simulated,SNSR-RAJPURA-01,rajpura,Rajpura,7.31,694,25.3,107.5,safe,ok
2025-07-03T01:00,synthetic-simulated,SNSR-RAJPURA-01,rajpura,Rajpura,7.38,681,25.2,100.6,safe,ok
2025-07-03T02:00,synthetic-simulated,SNSR-RAJPURA-01,rajpura,Rajpura,7.35,683,24.7,90.2,safe,ok
2025-07-03T03:00,synthetic-simulated,SNSR-RAJPURA-01,rajpura,Rajpura,7.45,689,24.8,84.7,safe,ok
2025-07-03T04:00,synthetic-simulated,SNSR-RAJPURA-01,rajpura,Rajpura,7.33,692,24.2,77.4,safe,ok
2025-07-03T05:00,synthetic-simulated,SNSR-RAJPURA-01,rajpura,Rajpura,7.3,686,24.7,73.6,safe,ok
2025-07-03T06:00,synthetic-simulated,SNSR-RAJPURA-01,rajpura,Rajpura,7.31,680,25.4,65.9,safe,ok
2025-07-03T07:00,synthetic-simulated,SNSR-RAJPURA-01,rajpura,Rajpura,7.35,671,26.4,74.9,safe,ok
2025-07-03T08:00,synthetic-simulated,SNSR-RAJPURA-01,rajpura,Rajpura,7.4,685,26.9,80.7,safe,ok
2025-07-03T09:00,synthetic-simulated,SNSR-RAJPURA-01,rajpura,Rajpura,7.42,675,27.8,88.2,safe,ok
2025-07-03T10:00,synthetic-simulated,SNSR-RAJPURA-01,rajpura,Rajpura,7.33,693,28.6,96.1,safe,ok
2025-07-03T11:00,synthetic-simulated,SNSR-RAJPURA-01,rajpura,Rajpura,7.28,700,29.6,106.9,safe,ok
2025-07-03T12:00,synthetic-simulated,SNSR-RAJPURA-01,rajpura,Rajpura,7.34,693,30.0,109.2,safe,ok
2025-07-03T13:00,synthetic-simulated,SNSR-RAJPURA-01,rajpura,Rajpura,7.27,681,31.1,103.8,safe,ok
2025-07-03T14:00,synthetic-simulated,SNSR-RAJPURA-01,rajpura,Rajpura,7.39,689,31.7,93.6,safe,ok
2025-07-03T15:00,synthetic-simulated,SNSR-RAJPURA-01,rajpura,Rajpura,7.24,668,30.9,86.9,safe,ok
2025-07-03T16:00,synthetic-simulated,SNSR-RAJPURA-01,rajpura,Rajpura,7.33,697,31.2,78.8,safe,ok
2025-07-03T17:00,synthetic-simulated,SNSR-RAJPURA-01,rajpura,Rajpura,7.3,680,30.7,71.2,safe,ok
2025-07-03T18:00,synthetic-simulated,SNSR-RAJPURA-01,rajpura,Rajpura,7.38,695,30.1,66.2,safe,ok
2025-07-03T19:00,synthetic-simulated,SNSR-RAJPURA-01,rajpura,Rajpura,7.35,678,29.1,71.0,safe,ok
2025-07-03T20:00,synthetic-simulated,SNSR-RAJPURA-01,rajpura,Rajpura,7.33,674,29.0,81.7,safe,ok
2025-07-03T21:00,synthetic-simulated,SNSR-RAJPURA-01,rajpura,Rajpura,7.27,678,28.5,90.5,safe,ok
2025-07-03T22:00,synthetic-simulated,SNSR-RAJPURA-01,rajpura,Rajpura,7.35,672,28.0,92.0,safe,ok
2025-07-03T23:00,synthetic-simulated,SNSR-RAJPURA-01,rajpura,Rajpura,7.32,692,26.8,100.7,safe,ok
2025-07-04T00:00,synthetic-simulated,SNSR-RAJPURA-01,rajpura,Rajpura,7.44,676,25.2,113.5,safe,ok
2025-07-04T01:00,synthetic-simulated,SNSR-RAJPURA-01,rajpura,Rajpura,7.28,670,25.6,106.0,safe,ok
2025-07-04T02:00,synthetic-simulated,SNSR-RAJPURA-01,rajpura,Rajpura,7.34,709,25.0,97.5,safe,ok
2025-07-04T03:00,synthetic-simulated,SNSR-RAJPURA-01,rajpura,Rajpura,7.43,705,24.8,85.7,safe,ok
2025-07-04T04:00,synthetic-simulated,SNSR-RAJPURA-01,rajpura,Rajpura,7.3,713,24.8,81.1,safe,ok
2025-07-04T05:00,synthetic-simulated,SNSR-RAJPURA-01,rajpura,Rajpura,7.32,671,25.4,75.0,safe,ok
2025-07-04T06:00,synthetic-simulated,SNSR-RAJPURA-01,rajpura,Rajpura,7.28,698,26.1,61.5,safe,ok
2025-07-04T07:00,synthetic-simulated,SNSR-RAJPURA-01,rajpura,Rajpura,7.39,698,25.9,68.7,safe,ok
2025-07-04T08:00,synthetic-simulated,SNSR-RAJPURA-01,rajpura,Rajpura,7.34,679,27.1,77.3,safe,ok
2025-07-04T09:00,synthetic-simulated,SNSR-RAJPURA-01,rajpura,Rajpura,7.37,683,28.1,85.9,safe,ok
2025-07-04T10:00,synthetic-simulated,SNSR-RAJPURA-01,rajpura,Rajpura,7.38,712,28.9,94.1,safe,ok
2025-07-04T11:00,synthetic-simulated,SNSR-RAJPURA-01,rajpura,Rajpura,7.29,693,29.7,100.4,safe,ok
2025-07-04T12:00,synthetic-simulated,SNSR-RAJPURA-01,rajpura,Rajpura,7.31,681,30.0,105.7,safe,ok
2025-07-04T13:00,synthetic-simulated,SNSR-RAJPURA-01,rajpura,Rajpura,7.38,700,30.7,107.2,safe,ok
2025-07-04T14:00,synthetic-simulated,SNSR-RAJPURA-01,rajpura,Rajpura,7.32,716,31.1,93.2,safe,ok
2025-07-04T15:00,synthetic-simulated,SNSR-RAJPURA-01,rajpura,Rajpura,7.27,698,30.4,87.2,safe,ok
2025-07-04T16:00,synthetic-simulated,SNSR-RAJPURA-01,rajpura,Rajpura,7.38,682,31.1,80.8,safe,ok
2025-07-04T17:00,synthetic-simulated,SNSR-RAJPURA-01,rajpura,Rajpura,7.42,704,29.9,75.2,safe,ok
2025-07-04T18:00,synthetic-simulated,SNSR-RAJPURA-01,rajpura,Rajpura,7.32,687,30.4,63.9,safe,ok
2025-07-04T19:00,synthetic-simulated,SNSR-RAJPURA-01,rajpura,Rajpura,7.42,692,29.7,70.5,safe,ok
2025-07-04T20:00,synthetic-simulated,SNSR-RAJPURA-01,rajpura,Rajpura,7.4,659,29.2,75.2,safe,ok
2025-07-04T21:00,synthetic-simulated,SNSR-RAJPURA-01,rajpura,Rajpura,7.3,684,27.6,88.3,safe,ok
2025-07-04T22:00,synthetic-simulated,SNSR-RAJPURA-01,rajpura,Rajpura,7.4,700,26.9,93.7,safe,ok
2025-07-04T23:00,synthetic-simulated,SNSR-RAJPURA-01,rajpura,Rajpura,7.34,697,26.1,104.1,safe,ok
2025-07-05T00:00,synthetic-simulated,SNSR-RAJPURA-01,rajpura,Rajpura,7.28,685,25.3,106.1,safe,ok
2025-07-05T01:00,synthetic-simulated,SNSR-RAJPURA-01,rajpura,Rajpura,7.35,686,25.1,104.1,safe,ok
2025-07-05T02:00,synthetic-simulated,SNSR-RAJPURA-01,rajpura,Rajpura,7.34,706,25.7,94.3,safe,ok
2025-07-05T03:00,synthetic-simulated,SNSR-RAJPURA-01,rajpura,Rajpura,7.35,683,24.9,86.1,safe,ok
2025-07-05T04:00,synthetic-simulated,SNSR-RAJPURA-01,rajpura,Rajpura,7.42,675,24.0,78.8,safe,ok
2025-07-05T05:00,synthetic-simulated,SNSR-RAJPURA-01,rajpura,Rajpura,7.34,695,24.1,71.6,safe,ok
2025-07-05T06:00,synthetic-simulated,SNSR-RAJPURA-01,rajpura,Rajpura,7.34,693,25.3,65.5,safe,ok
2025-07-05T07:00,synthetic-simulated,SNSR-RAJPURA-01,rajpura,Rajpura,7.28,690,26.7,66.8,safe,ok
2025-07-05T08:00,synthetic-simulated,SNSR-RAJPURA-01,rajpura,Rajpura,7.3,691,27.4,78.0,safe,ok
2025-07-05T09:00,synthetic-simulated,SNSR-RAJPURA-01,rajpura,Rajpura,7.32,710,28.1,87.4,safe,ok
2025-07-05T10:00,synthetic-simulated,SNSR-RAJPURA-01,rajpura,Rajpura,7.29,691,29.0,94.2,safe,ok
2025-07-05T11:00,synthetic-simulated,SNSR-RAJPURA-01,rajpura,Rajpura,7.35,689,29.4,106.4,safe,ok
2025-07-05T12:00,synthetic-simulated,SNSR-RAJPURA-01,rajpura,Rajpura,7.34,701,31.0,110.6,safe,ok
2025-07-05T13:00,synthetic-simulated,SNSR-RAJPURA-01,rajpura,Rajpura,7.34,704,30.1,98.4,safe,ok
2025-07-05T14:00,synthetic-simulated,SNSR-RAJPURA-01,rajpura,Rajpura,7.39,693,31.6,96.4,safe,ok
2025-07-05T15:00,synthetic-simulated,SNSR-RAJPURA-01,rajpura,Rajpura,7.43,676,30.9,85.8,safe,ok
2025-07-05T16:00,synthetic-simulated,SNSR-RAJPURA-01,rajpura,Rajpura,7.33,686,30.4,80.5,safe,ok
2025-07-05T17:00,synthetic-simulated,SNSR-RAJPURA-01,rajpura,Rajpura,7.26,708,30.2,73.1,safe,ok
2025-07-05T18:00,synthetic-simulated,SNSR-RAJPURA-01,rajpura,Rajpura,7.38,712,29.6,63.6,safe,ok
2025-07-05T19:00,synthetic-simulated,SNSR-RAJPURA-01,rajpura,Rajpura,7.38,683,30.1,70.2,safe,ok
2025-07-05T20:00,synthetic-simulated,SNSR-RAJPURA-01,rajpura,Rajpura,7.34,707,28.6,79.3,safe,ok
2025-07-05T21:00,synthetic-simulated,SNSR-RAJPURA-01,rajpura,Rajpura,7.4,687,27.5,81.2,safe,ok
2025-07-05T22:00,synthetic-simulated,SNSR-RAJPURA-01,rajpura,Rajpura,7.35,683,27.0,93.3,safe,ok
2025-07-05T23:00,synthetic-simulated,SNSR-RAJPURA-01,rajpura,Rajpura,7.39,681,27.1,104.2,safe,ok
2025-06-22T00:00,synthetic-simulated,SNSR-NABHA-01,nabha,Nabha,7.38,746,26.1,112.6,safe,ok
2025-06-22T01:00,synthetic-simulated,SNSR-NABHA-01,nabha,Nabha,7.37,730,24.9,98.9,safe,ok
2025-06-22T02:00,synthetic-simulated,SNSR-NABHA-01,nabha,Nabha,7.4,733,24.1,93.0,safe,ok
2025-06-22T03:00,synthetic-simulated,SNSR-NABHA-01,nabha,Nabha,7.44,736,24.8,84.9,safe,ok
2025-06-22T04:00,synthetic-simulated,SNSR-NABHA-01,nabha,Nabha,7.37,721,24.9,79.0,safe,ok
2025-06-22T05:00,synthetic-simulated,SNSR-NABHA-01,nabha,Nabha,7.36,721,25.0,73.6,safe,ok
2025-06-22T06:00,synthetic-simulated,SNSR-NABHA-01,nabha,Nabha,7.43,732,25.1,68.8,safe,ok
2025-06-22T07:00,synthetic-simulated,SNSR-NABHA-01,nabha,Nabha,7.4,722,25.4,72.2,safe,ok
2025-06-22T08:00,synthetic-simulated,SNSR-NABHA-01,nabha,Nabha,7.38,733,27.2,81.1,safe,ok
2025-06-22T09:00,synthetic-simulated,SNSR-NABHA-01,nabha,Nabha,7.36,729,27.9,88.3,safe,ok
2025-06-22T10:00,synthetic-simulated,SNSR-NABHA-01,nabha,Nabha,7.4,726,28.6,95.5,safe,ok
2025-06-22T11:00,synthetic-simulated,SNSR-NABHA-01,nabha,Nabha,7.39,730,28.9,103.5,safe,ok
2025-06-22T12:00,synthetic-simulated,SNSR-NABHA-01,nabha,Nabha,7.43,733,30.3,111.4,safe,ok
2025-06-22T13:00,synthetic-simulated,SNSR-NABHA-01,nabha,Nabha,7.44,726,31.1,105.7,safe,ok
2025-06-22T14:00,synthetic-simulated,SNSR-NABHA-01,nabha,Nabha,7.36,728,30.4,101.5,safe,ok
2025-06-22T15:00,synthetic-simulated,SNSR-NABHA-01,nabha,Nabha,7.42,730,30.9,84.1,safe,ok
2025-06-22T16:00,synthetic-simulated,SNSR-NABHA-01,nabha,Nabha,7.43,735,31.1,80.0,safe,ok
2025-06-22T17:00,synthetic-simulated,SNSR-NABHA-01,nabha,Nabha,7.41,747,29.8,67.7,safe,ok
2025-06-22T18:00,synthetic-simulated,SNSR-NABHA-01,nabha,Nabha,7.4,739,29.3,64.6,safe,ok
2025-06-22T19:00,synthetic-simulated,SNSR-NABHA-01,nabha,Nabha,7.37,728,29.1,73.7,safe,ok
2025-06-22T20:00,synthetic-simulated,SNSR-NABHA-01,nabha,Nabha,,,,,,dropout
2025-06-22T21:00,synthetic-simulated,SNSR-NABHA-01,nabha,Nabha,7.41,734,28.7,86.2,safe,ok
2025-06-22T22:00,synthetic-simulated,SNSR-NABHA-01,nabha,Nabha,7.37,718,26.5,91.9,safe,ok
2025-06-22T23:00,synthetic-simulated,SNSR-NABHA-01,nabha,Nabha,7.44,728,25.9,102.6,safe,ok
2025-06-23T00:00,synthetic-simulated,SNSR-NABHA-01,nabha,Nabha,7.44,741,25.7,109.4,safe,ok
2025-06-23T01:00,synthetic-simulated,SNSR-NABHA-01,nabha,Nabha,7.39,713,24.6,100.5,safe,ok
2025-06-23T02:00,synthetic-simulated,SNSR-NABHA-01,nabha,Nabha,7.4,724,25.1,88.2,safe,ok
2025-06-23T03:00,synthetic-simulated,SNSR-NABHA-01,nabha,Nabha,7.35,722,24.4,86.8,safe,ok
2025-06-23T04:00,synthetic-simulated,SNSR-NABHA-01,nabha,Nabha,7.4,719,24.0,77.6,safe,ok
2025-06-23T05:00,synthetic-simulated,SNSR-NABHA-01,nabha,Nabha,7.4,720,24.2,72.0,safe,ok
2025-06-23T06:00,synthetic-simulated,SNSR-NABHA-01,nabha,Nabha,7.43,720,26.1,66.4,safe,ok
2025-06-23T07:00,synthetic-simulated,SNSR-NABHA-01,nabha,Nabha,7.39,729,26.3,72.0,safe,ok
2025-06-23T08:00,synthetic-simulated,SNSR-NABHA-01,nabha,Nabha,7.43,731,26.9,81.7,safe,ok
2025-06-23T09:00,synthetic-simulated,SNSR-NABHA-01,nabha,Nabha,7.44,738,27.3,84.4,safe,ok
2025-06-23T10:00,synthetic-simulated,SNSR-NABHA-01,nabha,Nabha,7.45,748,28.3,93.8,safe,ok
2025-06-23T11:00,synthetic-simulated,SNSR-NABHA-01,nabha,Nabha,7.34,736,29.1,97.9,safe,ok
2025-06-23T12:00,synthetic-simulated,SNSR-NABHA-01,nabha,Nabha,7.46,727,29.7,108.9,safe,ok
2025-06-23T13:00,synthetic-simulated,SNSR-NABHA-01,nabha,Nabha,7.39,703,30.2,106.5,safe,ok
2025-06-23T14:00,synthetic-simulated,SNSR-NABHA-01,nabha,Nabha,7.41,750,30.7,95.6,safe,ok
2025-06-23T15:00,synthetic-simulated,SNSR-NABHA-01,nabha,Nabha,7.46,732,31.2,87.1,safe,ok
2025-06-23T16:00,synthetic-simulated,SNSR-NABHA-01,nabha,Nabha,7.42,735,30.2,81.2,safe,ok
2025-06-23T17:00,synthetic-simulated,SNSR-NABHA-01,nabha,Nabha,7.43,749,30.2,74.0,safe,ok
2025-06-23T18:00,synthetic-simulated,SNSR-NABHA-01,nabha,Nabha,7.44,715,30.2,64.6,safe,ok
2025-06-23T19:00,synthetic-simulated,SNSR-NABHA-01,nabha,Nabha,7.38,712,29.6,73.8,safe,ok
2025-06-23T20:00,synthetic-simulated,SNSR-NABHA-01,nabha,Nabha,7.43,735,28.9,74.1,safe,ok
2025-06-23T21:00,synthetic-simulated,SNSR-NABHA-01,nabha,Nabha,7.4,716,27.8,83.8,safe,ok
2025-06-23T22:00,synthetic-simulated,SNSR-NABHA-01,nabha,Nabha,7.42,719,27.0,96.1,safe,ok
2025-06-23T23:00,synthetic-simulated,SNSR-NABHA-01,nabha,Nabha,7.43,727,26.5,103.7,safe,ok
2025-06-24T00:00,synthetic-simulated,SNSR-NABHA-01,nabha,Nabha,7.41,731,25.0,108.1,safe,ok
2025-06-24T01:00,synthetic-simulated,SNSR-NABHA-01,nabha,Nabha,7.43,738,24.6,103.7,safe,ok
2025-06-24T02:00,synthetic-simulated,SNSR-NABHA-01,nabha,Nabha,7.44,740,24.1,98.4,safe,ok
2025-06-24T03:00,synthetic-simulated,SNSR-NABHA-01,nabha,Nabha,7.46,721,24.5,88.8,safe,ok
2025-06-24T04:00,synthetic-simulated,SNSR-NABHA-01,nabha,Nabha,7.35,728,24.9,80.5,safe,ok
2025-06-24T05:00,synthetic-simulated,SNSR-NABHA-01,nabha,Nabha,7.4,734,25.6,72.1,safe,ok
2025-06-24T06:00,synthetic-simulated,SNSR-NABHA-01,nabha,Nabha,7.4,745,25.6,66.6,safe,ok
2025-06-24T07:00,synthetic-simulated,SNSR-NABHA-01,nabha,Nabha,7.34,743,25.5,73.8,safe,ok
2025-06-24T08:00,synthetic-simulated,SNSR-NABHA-01,nabha,Nabha,7.36,727,26.5,82.4,safe,ok
2025-06-24T09:00,synthetic-simulated,SNSR-NABHA-01,nabha,Nabha,7.39,729,27.3,82.0,safe,ok
2025-06-24T10:00,synthetic-simulated,SNSR-NABHA-01,nabha,Nabha,,,,,,dropout
2025-06-24T11:00,synthetic-simulated,SNSR-NABHA-01,nabha,Nabha,7.39,727,28.3,99.9,safe,ok
2025-06-24T12:00,synthetic-simulated,SNSR-NABHA-01,nabha,Nabha,7.38,721,29.2,106.8,safe,ok
2025-06-24T13:00,synthetic-simulated,SNSR-NABHA-01,nabha,Nabha,7.37,733,30.5,104.5,safe,ok
2025-06-24T14:00,synthetic-simulated,SNSR-NABHA-01,nabha,Nabha,7.45,730,30.4,93.7,safe,ok
2025-06-24T15:00,synthetic-simulated,SNSR-NABHA-01,nabha,Nabha,7.42,719,30.8,86.5,safe,ok
2025-06-24T16:00,synthetic-simulated,SNSR-NABHA-01,nabha,Nabha,7.41,734,30.7,76.8,safe,ok
2025-06-24T17:00,synthetic-simulated,SNSR-NABHA-01,nabha,Nabha,7.34,735,30.5,72.4,safe,ok
2025-06-24T18:00,synthetic-simulated,SNSR-NABHA-01,nabha,Nabha,7.44,728,29.5,65.6,safe,ok
2025-06-24T19:00,synthetic-simulated,SNSR-NABHA-01,nabha,Nabha,7.42,729,29.4,69.8,safe,ok
2025-06-24T20:00,synthetic-simulated,SNSR-NABHA-01,nabha,Nabha,7.3,711,28.8,77.9,safe,ok
2025-06-24T21:00,synthetic-simulated,SNSR-NABHA-01,nabha,Nabha,7.39,725,27.1,89.2,safe,ok
2025-06-24T22:00,synthetic-simulated,SNSR-NABHA-01,nabha,Nabha,7.35,727,26.6,92.0,safe,ok
2025-06-24T23:00,synthetic-simulated,SNSR-NABHA-01,nabha,Nabha,7.44,734,25.8,100.4,safe,ok
2025-06-25T00:00,synthetic-simulated,SNSR-NABHA-01,nabha,Nabha,7.34,733,25.2,110.4,safe,ok
2025-06-25T01:00,synthetic-simulated,SNSR-NABHA-01,nabha,Nabha,7.41,722,24.4,104.7,safe,ok
2025-06-25T02:00,synthetic-simulated,SNSR-NABHA-01,nabha,Nabha,7.4,729,24.1,97.9,safe,ok
2025-06-25T03:00,synthetic-simulated,SNSR-NABHA-01,nabha,Nabha,7.43,704,23.5,87.9,safe,ok
2025-06-25T04:00,synthetic-simulated,SNSR-NABHA-01,nabha,Nabha,7.41,729,24.6,78.7,safe,ok
2025-06-25T05:00,synthetic-simulated,SNSR-NABHA-01,nabha,Nabha,7.39,733,25.0,75.3,safe,ok
2025-06-25T06:00,synthetic-simulated,SNSR-NABHA-01,nabha,Nabha,7.39,743,25.7,64.0,safe,ok
2025-06-25T07:00,synthetic-simulated,SNSR-NABHA-01,nabha,Nabha,7.43,735,26.4,72.9,safe,ok
2025-06-25T08:00,synthetic-simulated,SNSR-NABHA-01,nabha,Nabha,7.4,713,27.1,80.4,safe,ok
2025-06-25T09:00,synthetic-simulated,SNSR-NABHA-01,nabha,Nabha,7.39,746,27.5,84.3,safe,ok
2025-06-25T10:00,synthetic-simulated,SNSR-NABHA-01,nabha,Nabha,7.36,737,28.6,96.6,safe,ok
2025-06-25T11:00,synthetic-simulated,SNSR-NABHA-01,nabha,Nabha,7.42,711,28.7,100.3,safe,ok
2025-06-25T12:00,synthetic-simulated,SNSR-NABHA-01,nabha,Nabha,7.41,717,29.2,107.4,safe,ok
2025-06-25T13:00,synthetic-simulated,SNSR-NABHA-01,nabha,Nabha,7.41,711,29.9,104.1,safe,ok
2025-06-25T14:00,synthetic-simulated,SNSR-NABHA-01,nabha,Nabha,7.35,724,30.9,96.0,safe,ok
2025-06-25T15:00,synthetic-simulated,SNSR-NABHA-01,nabha,Nabha,7.38,742,29.8,84.9,safe,ok
2025-06-25T16:00,synthetic-simulated,SNSR-NABHA-01,nabha,Nabha,7.36,714,31.1,78.1,safe,ok
2025-06-25T17:00,synthetic-simulated,SNSR-NABHA-01,nabha,Nabha,7.39,724,30.2,71.9,safe,ok
2025-06-25T18:00,synthetic-simulated,SNSR-NABHA-01,nabha,Nabha,7.39,724,29.7,64.3,safe,ok
2025-06-25T19:00,synthetic-simulated,SNSR-NABHA-01,nabha,Nabha,7.39,736,29.4,71.9,safe,ok
2025-06-25T20:00,synthetic-simulated,SNSR-NABHA-01,nabha,Nabha,7.37,724,28.5,75.0,safe,ok
2025-06-25T21:00,synthetic-simulated,SNSR-NABHA-01,nabha,Nabha,7.36,728,27.8,87.9,safe,ok
2025-06-25T22:00,synthetic-simulated,SNSR-NABHA-01,nabha,Nabha,7.41,713,27.2,97.5,safe,ok
2025-06-25T23:00,synthetic-simulated,SNSR-NABHA-01,nabha,Nabha,7.42,735,26.0,103.4,safe,ok
2025-06-26T00:00,synthetic-simulated,SNSR-NABHA-01,nabha,Nabha,7.42,726,25.3,112.4,safe,ok
2025-06-26T01:00,synthetic-simulated,SNSR-NABHA-01,nabha,Nabha,7.38,733,24.6,102.6,safe,ok
2025-06-26T02:00,synthetic-simulated,SNSR-NABHA-01,nabha,Nabha,7.43,726,24.3,97.2,safe,ok
2025-06-26T03:00,synthetic-simulated,SNSR-NABHA-01,nabha,Nabha,7.42,730,24.6,84.2,safe,ok
2025-06-26T04:00,synthetic-simulated,SNSR-NABHA-01,nabha,Nabha,7.37,733,24.5,80.6,safe,ok
2025-06-26T05:00,synthetic-simulated,SNSR-NABHA-01,nabha,Nabha,7.42,724,24.4,73.5,safe,ok
2025-06-26T06:00,synthetic-simulated,SNSR-NABHA-01,nabha,Nabha,7.49,727,25.2,63.3,safe,ok
2025-06-26T07:00,synthetic-simulated,SNSR-NABHA-01,nabha,Nabha,7.37,727,26.1,73.1,safe,ok
2025-06-26T08:00,synthetic-simulated,SNSR-NABHA-01,nabha,Nabha,7.49,710,27.1,85.2,safe,ok
2025-06-26T09:00,synthetic-simulated,SNSR-NABHA-01,nabha,Nabha,7.39,739,27.2,86.1,safe,ok
2025-06-26T10:00,synthetic-simulated,SNSR-NABHA-01,nabha,Nabha,,,,,,dropout
2025-06-26T11:00,synthetic-simulated,SNSR-NABHA-01,nabha,Nabha,7.37,730,29.4,102.5,safe,ok
2025-06-26T12:00,synthetic-simulated,SNSR-NABHA-01,nabha,Nabha,7.41,735,29.3,107.9,safe,ok
2025-06-26T13:00,synthetic-simulated,SNSR-NABHA-01,nabha,Nabha,7.37,727,30.0,102.5,safe,ok
2025-06-26T14:00,synthetic-simulated,SNSR-NABHA-01,nabha,Nabha,7.39,726,30.4,95.8,safe,ok
2025-06-26T15:00,synthetic-simulated,SNSR-NABHA-01,nabha,Nabha,7.39,718,30.5,88.9,safe,ok
2025-06-26T16:00,synthetic-simulated,SNSR-NABHA-01,nabha,Nabha,7.45,726,30.4,81.6,safe,ok
2025-06-26T17:00,synthetic-simulated,SNSR-NABHA-01,nabha,Nabha,7.41,739,30.1,72.3,safe,ok
2025-06-26T18:00,synthetic-simulated,SNSR-NABHA-01,nabha,Nabha,7.4,725,29.8,61.6,safe,ok
2025-06-26T19:00,synthetic-simulated,SNSR-NABHA-01,nabha,Nabha,,,,,,dropout
2025-06-26T20:00,synthetic-simulated,SNSR-NABHA-01,nabha,Nabha,7.37,712,28.9,82.8,safe,ok
2025-06-26T21:00,synthetic-simulated,SNSR-NABHA-01,nabha,Nabha,7.36,733,27.6,84.0,safe,ok
2025-06-26T22:00,synthetic-simulated,SNSR-NABHA-01,nabha,Nabha,7.41,723,27.5,91.7,safe,ok
2025-06-26T23:00,synthetic-simulated,SNSR-NABHA-01,nabha,Nabha,7.34,726,26.3,103.7,safe,ok
2025-06-27T00:00,synthetic-simulated,SNSR-NABHA-01,nabha,Nabha,7.4,708,25.3,111.4,safe,ok
2025-06-27T01:00,synthetic-simulated,SNSR-NABHA-01,nabha,Nabha,7.41,726,24.8,108.0,safe,ok
2025-06-27T02:00,synthetic-simulated,SNSR-NABHA-01,nabha,Nabha,7.43,725,25.0,98.8,safe,ok
2025-06-27T03:00,synthetic-simulated,SNSR-NABHA-01,nabha,Nabha,7.4,726,24.0,92.8,safe,ok
2025-06-27T04:00,synthetic-simulated,SNSR-NABHA-01,nabha,Nabha,7.42,734,24.6,77.7,safe,ok
2025-06-27T05:00,synthetic-simulated,SNSR-NABHA-01,nabha,Nabha,7.38,716,24.4,71.3,safe,ok
2025-06-27T06:00,synthetic-simulated,SNSR-NABHA-01,nabha,Nabha,7.36,735,25.1,65.5,safe,ok
2025-06-27T07:00,synthetic-simulated,SNSR-NABHA-01,nabha,Nabha,7.45,732,26.0,75.5,safe,ok
2025-06-27T08:00,synthetic-simulated,SNSR-NABHA-01,nabha,Nabha,7.45,745,27.0,79.8,safe,ok
2025-06-27T09:00,synthetic-simulated,SNSR-NABHA-01,nabha,Nabha,7.44,708,27.6,89.2,safe,ok
2025-06-27T10:00,synthetic-simulated,SNSR-NABHA-01,nabha,Nabha,7.4,740,28.6,94.0,safe,ok
2025-06-27T11:00,synthetic-simulated,SNSR-NABHA-01,nabha,Nabha,7.45,721,29.1,103.0,safe,ok
2025-06-27T12:00,synthetic-simulated,SNSR-NABHA-01,nabha,Nabha,7.38,728,30.1,112.6,safe,ok
2025-06-27T13:00,synthetic-simulated,SNSR-NABHA-01,nabha,Nabha,7.4,741,30.6,104.1,safe,ok
2025-06-27T14:00,synthetic-simulated,SNSR-NABHA-01,nabha,Nabha,7.3,727,30.6,95.5,safe,ok
2025-06-27T15:00,synthetic-simulated,SNSR-NABHA-01,nabha,Nabha,7.43,727,31.0,86.7,safe,ok
2025-06-27T16:00,synthetic-simulated,SNSR-NABHA-01,nabha,Nabha,7.36,724,30.9,78.4,safe,ok
2025-06-27T17:00,synthetic-simulated,SNSR-NABHA-01,nabha,Nabha,7.42,728,30.6,73.2,safe,ok
2025-06-27T18:00,synthetic-simulated,SNSR-NABHA-01,nabha,Nabha,7.32,732,30.1,61.6,safe,ok
2025-06-27T19:00,synthetic-simulated,SNSR-NABHA-01,nabha,Nabha,7.37,733,28.8,73.0,safe,ok
2025-06-27T20:00,synthetic-simulated,SNSR-NABHA-01,nabha,Nabha,7.46,735,28.1,80.5,safe,ok
2025-06-27T21:00,synthetic-simulated,SNSR-NABHA-01,nabha,Nabha,7.41,727,27.3,86.8,safe,ok
2025-06-27T22:00,synthetic-simulated,SNSR-NABHA-01,nabha,Nabha,7.39,727,26.5,95.8,safe,ok
2025-06-27T23:00,synthetic-simulated,SNSR-NABHA-01,nabha,Nabha,7.45,729,26.1,102.2,safe,ok
2025-06-28T00:00,synthetic-simulated,SNSR-NABHA-01,nabha,Nabha,7.33,723,25.6,108.4,safe,ok
2025-06-28T01:00,synthetic-simulated,SNSR-NABHA-01,nabha,Nabha,7.36,727,24.9,103.9,safe,ok
2025-06-28T02:00,synthetic-simulated,SNSR-NABHA-01,nabha,Nabha,7.39,732,24.4,93.4,safe,ok
2025-06-28T03:00,synthetic-simulated,SNSR-NABHA-01,nabha,Nabha,7.38,716,24.2,89.4,safe,ok
2025-06-28T04:00,synthetic-simulated,SNSR-NABHA-01,nabha,Nabha,7.46,738,24.5,80.8,safe,ok
2025-06-28T05:00,synthetic-simulated,SNSR-NABHA-01,nabha,Nabha,7.39,722,25.5,77.3,safe,ok
2025-06-28T06:00,synthetic-simulated,SNSR-NABHA-01,nabha,Nabha,7.42,725,25.5,67.0,safe,ok
2025-06-28T07:00,synthetic-simulated,SNSR-NABHA-01,nabha,Nabha,,,,,,dropout
2025-06-28T08:00,synthetic-simulated,SNSR-NABHA-01,nabha,Nabha,7.39,711,26.7,79.8,safe,ok
2025-06-28T09:00,synthetic-simulated,SNSR-NABHA-01,nabha,Nabha,7.41,737,27.4,92.7,safe,ok
2025-06-28T10:00,synthetic-simulated,SNSR-NABHA-01,nabha,Nabha,7.44,721,28.1,88.3,safe,ok
2025-06-28T11:00,synthetic-simulated,SNSR-NABHA-01,nabha,Nabha,7.44,743,28.9,101.7,safe,ok
2025-06-28T12:00,synthetic-simulated,SNSR-NABHA-01,nabha,Nabha,7.43,731,30.1,109.3,safe,ok
2025-06-28T13:00,synthetic-simulated,SNSR-NABHA-01,nabha,Nabha,7.4,732,30.7,106.0,safe,ok
2025-06-28T14:00,synthetic-simulated,SNSR-NABHA-01,nabha,Nabha,7.31,722,30.6,98.6,safe,ok
2025-06-28T15:00,synthetic-simulated,SNSR-NABHA-01,nabha,Nabha,7.5,728,31.3,88.2,safe,ok
2025-06-28T16:00,synthetic-simulated,SNSR-NABHA-01,nabha,Nabha,7.42,734,30.9,83.1,safe,ok
2025-06-28T17:00,synthetic-simulated,SNSR-NABHA-01,nabha,Nabha,7.4,732,30.5,74.0,safe,ok
2025-06-28T18:00,synthetic-simulated,SNSR-NABHA-01,nabha,Nabha,7.37,724,29.8,64.5,safe,ok
2025-06-28T19:00,synthetic-simulated,SNSR-NABHA-01,nabha,Nabha,7.34,745,29.7,73.0,safe,ok
2025-06-28T20:00,synthetic-simulated,SNSR-NABHA-01,nabha,Nabha,7.38,738,28.5,79.2,safe,ok
2025-06-28T21:00,synthetic-simulated,SNSR-NABHA-01,nabha,Nabha,7.35,755,27.8,85.0,safe,ok
2025-06-28T22:00,synthetic-simulated,SNSR-NABHA-01,nabha,Nabha,7.35,735,27.4,95.6,safe,ok
2025-06-28T23:00,synthetic-simulated,SNSR-NABHA-01,nabha,Nabha,7.38,723,26.1,104.2,safe,ok
2025-06-29T00:00,synthetic-simulated,SNSR-NABHA-01,nabha,Nabha,7.4,743,25.6,111.0,safe,ok
2025-06-29T01:00,synthetic-simulated,SNSR-NABHA-01,nabha,Nabha,7.39,728,24.1,103.2,safe,ok
2025-06-29T02:00,synthetic-simulated,SNSR-NABHA-01,nabha,Nabha,7.35,750,25.1,94.0,safe,ok
2025-06-29T03:00,synthetic-simulated,SNSR-NABHA-01,nabha,Nabha,7.42,728,24.8,86.7,safe,ok
2025-06-29T04:00,synthetic-simulated,SNSR-NABHA-01,nabha,Nabha,7.35,719,24.5,79.8,safe,ok
2025-06-29T05:00,synthetic-simulated,SNSR-NABHA-01,nabha,Nabha,7.43,725,24.7,68.8,safe,ok
2025-06-29T06:00,synthetic-simulated,SNSR-NABHA-01,nabha,Nabha,7.44,741,25.3,63.4,safe,ok
2025-06-29T07:00,synthetic-simulated,SNSR-NABHA-01,nabha,Nabha,7.42,736,26.1,70.6,safe,ok
2025-06-29T08:00,synthetic-simulated,SNSR-NABHA-01,nabha,Nabha,7.37,739,27.2,79.0,safe,ok
2025-06-29T09:00,synthetic-simulated,SNSR-NABHA-01,nabha,Nabha,7.41,721,27.7,88.3,safe,ok
2025-06-29T10:00,synthetic-simulated,SNSR-NABHA-01,nabha,Nabha,7.41,720,27.9,96.3,safe,ok
2025-06-29T11:00,synthetic-simulated,SNSR-NABHA-01,nabha,Nabha,7.37,725,29.3,103.6,safe,ok
2025-06-29T12:00,synthetic-simulated,SNSR-NABHA-01,nabha,Nabha,7.37,746,29.6,112.4,safe,ok
2025-06-29T13:00,synthetic-simulated,SNSR-NABHA-01,nabha,Nabha,7.35,734,29.9,102.0,safe,ok
2025-06-29T14:00,synthetic-simulated,SNSR-NABHA-01,nabha,Nabha,7.41,733,31.0,97.1,safe,ok
2025-06-29T15:00,synthetic-simulated,SNSR-NABHA-01,nabha,Nabha,7.35,728,31.0,91.4,safe,ok
2025-06-29T16:00,synthetic-simulated,SNSR-NABHA-01,nabha,Nabha,7.4,729,31.4,74.5,safe,ok
2025-06-29T17:00,synthetic-simulated,SNSR-NABHA-01,nabha,Nabha,,,,,,dropout
2025-06-29T18:00,synthetic-simulated,SNSR-NABHA-01,nabha,Nabha,7.35,722,30.2,66.4,safe,ok
2025-06-29T19:00,synthetic-simulated,SNSR-NABHA-01,nabha,Nabha,7.37,713,28.9,72.2,safe,ok
2025-06-29T20:00,synthetic-simulated,SNSR-NABHA-01,nabha,Nabha,7.42,730,28.2,77.2,safe,ok
2025-06-29T21:00,synthetic-simulated,SNSR-NABHA-01,nabha,Nabha,7.34,728,27.8,84.8,safe,ok
2025-06-29T22:00,synthetic-simulated,SNSR-NABHA-01,nabha,Nabha,7.42,732,26.7,91.2,safe,ok
2025-06-29T23:00,synthetic-simulated,SNSR-NABHA-01,nabha,Nabha,7.41,721,25.5,104.8,safe,ok
2025-06-30T00:00,synthetic-simulated,SNSR-NABHA-01,nabha,Nabha,7.4,737,25.4,105.6,safe,ok
2025-06-30T01:00,synthetic-simulated,SNSR-NABHA-01,nabha,Nabha,7.43,716,24.3,105.0,safe,ok
2025-06-30T02:00,synthetic-simulated,SNSR-NABHA-01,nabha,Nabha,7.41,735,24.5,89.5,safe,ok
2025-06-30T03:00,synthetic-simulated,SNSR-NABHA-01,nabha,Nabha,7.39,721,24.7,85.0,safe,ok
2025-06-30T04:00,synthetic-simulated,SNSR-NABHA-01,nabha,Nabha,7.33,733,25.3,82.4,safe,ok
2025-06-30T05:00,synthetic-simulated,SNSR-NABHA-01,nabha,Nabha,7.42,720,24.9,71.3,safe,ok
2025-06-30T06:00,synthetic-simulated,SNSR-NABHA-01,nabha,Nabha,7.41,728,25.5,64.8,safe,ok
2025-06-30T07:00,synthetic-simulated,SNSR-NABHA-01,nabha,Nabha,7.4,753,25.7,75.2,safe,ok
2025-06-30T08:00,synthetic-simulated,SNSR-NABHA-01,nabha,Nabha,7.45,733,26.8,80.4,safe,ok
2025-06-30T09:00,synthetic-simulated,SNSR-NABHA-01,nabha,Nabha,7.46,725,28.0,88.3,safe,ok
2025-06-30T10:00,synthetic-simulated,SNSR-NABHA-01,nabha,Nabha,7.39,752,28.0,97.6,safe,ok
2025-06-30T11:00,synthetic-simulated,SNSR-NABHA-01,nabha,Nabha,7.42,716,29.4,104.1,safe,ok
2025-06-30T12:00,synthetic-simulated,SNSR-NABHA-01,nabha,Nabha,7.35,720,29.1,108.5,safe,ok
2025-06-30T13:00,synthetic-simulated,SNSR-NABHA-01,nabha,Nabha,7.4,732,30.4,103.2,safe,ok
2025-06-30T14:00,synthetic-simulated,SNSR-NABHA-01,nabha,Nabha,7.36,747,30.9,92.3,safe,ok
2025-06-30T15:00,synthetic-simulated,SNSR-NABHA-01,nabha,Nabha,7.37,725,30.2,92.5,safe,ok
2025-06-30T16:00,synthetic-simulated,SNSR-NABHA-01,nabha,Nabha,7.35,726,30.5,83.3,safe,ok
2025-06-30T17:00,synthetic-simulated,SNSR-NABHA-01,nabha,Nabha,7.42,743,30.5,70.1,safe,ok
2025-06-30T18:00,synthetic-simulated,SNSR-NABHA-01,nabha,Nabha,7.39,721,30.1,64.0,safe,ok
2025-06-30T19:00,synthetic-simulated,SNSR-NABHA-01,nabha,Nabha,7.47,728,29.3,76.0,safe,ok
2025-06-30T20:00,synthetic-simulated,SNSR-NABHA-01,nabha,Nabha,7.37,729,29.0,78.3,safe,ok
2025-06-30T21:00,synthetic-simulated,SNSR-NABHA-01,nabha,Nabha,7.4,734,28.1,87.5,safe,ok
2025-06-30T22:00,synthetic-simulated,SNSR-NABHA-01,nabha,Nabha,7.37,723,26.8,95.6,safe,ok
2025-06-30T23:00,synthetic-simulated,SNSR-NABHA-01,nabha,Nabha,7.4,724,25.8,98.6,safe,ok
2025-07-01T00:00,synthetic-simulated,SNSR-NABHA-01,nabha,Nabha,7.33,729,25.3,110.2,safe,ok
2025-07-01T01:00,synthetic-simulated,SNSR-NABHA-01,nabha,Nabha,7.38,730,25.1,99.6,safe,ok
2025-07-01T02:00,synthetic-simulated,SNSR-NABHA-01,nabha,Nabha,7.39,735,24.2,94.6,safe,ok
2025-07-01T03:00,synthetic-simulated,SNSR-NABHA-01,nabha,Nabha,7.38,734,24.5,87.6,safe,ok
2025-07-01T04:00,synthetic-simulated,SNSR-NABHA-01,nabha,Nabha,7.39,745,24.1,82.0,safe,ok
2025-07-01T05:00,synthetic-simulated,SNSR-NABHA-01,nabha,Nabha,7.43,731,25.0,73.1,safe,ok
2025-07-01T06:00,synthetic-simulated,SNSR-NABHA-01,nabha,Nabha,7.45,739,25.5,61.1,safe,ok
2025-07-01T07:00,synthetic-simulated,SNSR-NABHA-01,nabha,Nabha,7.33,723,25.8,73.9,safe,ok
2025-07-01T08:00,synthetic-simulated,SNSR-NABHA-01,nabha,Nabha,7.4,732,27.5,74.3,safe,ok
2025-07-01T09:00,synthetic-simulated,SNSR-NABHA-01,nabha,Nabha,7.42,704,27.6,91.1,safe,ok
2025-07-01T10:00,synthetic-simulated,SNSR-NABHA-01,nabha,Nabha,7.45,734,28.6,100.1,safe,ok
2025-07-01T11:00,synthetic-simulated,SNSR-NABHA-01,nabha,Nabha,7.38,735,29.3,104.7,safe,ok
2025-07-01T12:00,synthetic-simulated,SNSR-NABHA-01,nabha,Nabha,7.44,732,29.6,111.6,safe,ok
2025-07-01T13:00,synthetic-simulated,SNSR-NABHA-01,nabha,Nabha,7.39,732,30.6,104.8,safe,ok
2025-07-01T14:00,synthetic-simulated,SNSR-NABHA-01,nabha,Nabha,7.42,722,30.4,96.8,safe,ok
2025-07-01T15:00,synthetic-simulated,SNSR-NABHA-01,nabha,Nabha,7.35,728,31.0,88.2,safe,ok
2025-07-01T16:00,synthetic-simulated,SNSR-NABHA-01,nabha,Nabha,7.44,735,30.5,79.9,safe,ok
2025-07-01T17:00,synthetic-simulated,SNSR-NABHA-01,nabha,Nabha,7.4,742,31.1,78.1,safe,ok
2025-07-01T18:00,synthetic-simulated,SNSR-NABHA-01,nabha,Nabha,7.39,719,30.5,59.0,safe,ok
2025-07-01T19:00,synthetic-simulated,SNSR-NABHA-01,nabha,Nabha,7.44,736,28.9,71.0,safe,ok
2025-07-01T20:00,synthetic-simulated,SNSR-NABHA-01,nabha,Nabha,7.4,720,28.1,77.9,safe,ok
2025-07-01T21:00,synthetic-simulated,SNSR-NABHA-01,nabha,Nabha,7.38,705,27.4,83.6,safe,ok
2025-07-01T22:00,synthetic-simulated,SNSR-NABHA-01,nabha,Nabha,7.35,724,26.1,98.8,safe,ok
2025-07-01T23:00,synthetic-simulated,SNSR-NABHA-01,nabha,Nabha,7.39,724,25.9,104.0,safe,ok
2025-07-02T00:00,synthetic-simulated,SNSR-NABHA-01,nabha,Nabha,7.41,742,25.4,108.4,safe,ok
2025-07-02T01:00,synthetic-simulated,SNSR-NABHA-01,nabha,Nabha,7.37,728,24.8,106.0,safe,ok
2025-07-02T02:00,synthetic-simulated,SNSR-NABHA-01,nabha,Nabha,7.39,725,23.4,93.3,safe,ok
2025-07-02T03:00,synthetic-simulated,SNSR-NABHA-01,nabha,Nabha,7.37,731,24.6,90.6,safe,ok
2025-07-02T04:00,synthetic-simulated,SNSR-NABHA-01,nabha,Nabha,7.38,724,24.4,76.3,safe,ok
2025-07-02T05:00,synthetic-simulated,SNSR-NABHA-01,nabha,Nabha,7.42,729,24.6,72.6,safe,ok
2025-07-02T06:00,synthetic-simulated,SNSR-NABHA-01,nabha,Nabha,7.41,726,25.6,64.0,safe,ok
2025-07-02T07:00,synthetic-simulated,SNSR-NABHA-01,nabha,Nabha,7.43,741,26.4,67.4,safe,ok
2025-07-02T08:00,synthetic-simulated,SNSR-NABHA-01,nabha,Nabha,7.43,724,27.3,83.7,safe,ok
2025-07-02T09:00,synthetic-simulated,SNSR-NABHA-01,nabha,Nabha,7.42,728,27.7,90.2,safe,ok
2025-07-02T10:00,synthetic-simulated,SNSR-NABHA-01,nabha,Nabha,7.46,753,28.3,98.2,safe,ok
2025-07-02T11:00,synthetic-simulated,SNSR-NABHA-01,nabha,Nabha,7.43,714,29.4,102.4,safe,ok
2025-07-02T12:00,synthetic-simulated,SNSR-NABHA-01,nabha,Nabha,7.34,740,30.2,110.3,safe,ok
2025-07-02T13:00,synthetic-simulated,SNSR-NABHA-01,nabha,Nabha,7.32,725,30.4,101.7,safe,ok
2025-07-02T14:00,synthetic-simulated,SNSR-NABHA-01,nabha,Nabha,7.44,721,30.7,95.7,safe,ok
2025-07-02T15:00,synthetic-simulated,SNSR-NABHA-01,nabha,Nabha,7.41,724,31.0,87.8,safe,ok
2025-07-02T16:00,synthetic-simulated,SNSR-NABHA-01,nabha,Nabha,7.4,728,31.2,77.1,safe,ok
2025-07-02T17:00,synthetic-simulated,SNSR-NABHA-01,nabha,Nabha,7.37,722,31.4,74.6,safe,ok
2025-07-02T18:00,synthetic-simulated,SNSR-NABHA-01,nabha,Nabha,7.38,751,29.5,66.4,safe,ok
2025-07-02T19:00,synthetic-simulated,SNSR-NABHA-01,nabha,Nabha,7.39,723,29.0,73.2,safe,ok
2025-07-02T20:00,synthetic-simulated,SNSR-NABHA-01,nabha,Nabha,7.36,715,28.3,80.3,safe,ok
2025-07-02T21:00,synthetic-simulated,SNSR-NABHA-01,nabha,Nabha,7.34,729,27.1,85.6,safe,ok
2025-07-02T22:00,synthetic-simulated,SNSR-NABHA-01,nabha,Nabha,7.35,723,27.0,91.5,safe,ok
2025-07-02T23:00,synthetic-simulated,SNSR-NABHA-01,nabha,Nabha,7.44,727,26.0,100.8,safe,ok
2025-07-03T00:00,synthetic-simulated,SNSR-NABHA-01,nabha,Nabha,7.38,747,26.1,110.3,safe,ok
2025-07-03T01:00,synthetic-simulated,SNSR-NABHA-01,nabha,Nabha,7.38,712,25.2,99.7,safe,ok
2025-07-03T02:00,synthetic-simulated,SNSR-NABHA-01,nabha,Nabha,7.43,734,24.7,93.3,safe,ok
2025-07-03T03:00,synthetic-simulated,SNSR-NABHA-01,nabha,Nabha,7.39,724,25.0,88.9,safe,ok
2025-07-03T04:00,synthetic-simulated,SNSR-NABHA-01,nabha,Nabha,7.36,742,25.0,81.9,safe,ok
2025-07-03T05:00,synthetic-simulated,SNSR-NABHA-01,nabha,Nabha,7.42,730,24.7,66.7,safe,ok
2025-07-03T06:00,synthetic-simulated,SNSR-NABHA-01,nabha,Nabha,7.5,730,24.9,64.9,safe,ok
2025-07-03T07:00,synthetic-simulated,SNSR-NABHA-01,nabha,Nabha,7.36,721,25.8,69.1,safe,ok
2025-07-03T08:00,synthetic-simulated,SNSR-NABHA-01,nabha,Nabha,7.44,732,26.3,81.5,safe,ok
2025-07-03T09:00,synthetic-simulated,SNSR-NABHA-01,nabha,Nabha,7.42,731,26.9,88.3,safe,ok
2025-07-03T10:00,synthetic-simulated,SNSR-NABHA-01,nabha,Nabha,7.37,738,28.4,93.5,safe,ok
2025-07-03T11:00,synthetic-simulated,SNSR-NABHA-01,nabha,Nabha,7.35,734,28.6,104.3,safe,ok
2025-07-03T12:00,synthetic-simulated,SNSR-NABHA-01,nabha,Nabha,7.43,720,29.8,108.5,safe,ok
2025-07-03T13:00,synthetic-simulated,SNSR-NABHA-01,nabha,Nabha,7.41,730,30.5,102.2,safe,ok
2025-07-03T14:00,synthetic-simulated,SNSR-NABHA-01,nabha,Nabha,7.4,729,30.9,95.0,safe,ok
2025-07-03T15:00,synthetic-simulated,SNSR-NABHA-01,nabha,Nabha,7.4,740,31.5,86.3,safe,ok
2025-07-03T16:00,synthetic-simulated,SNSR-NABHA-01,nabha,Nabha,7.41,759,30.3,73.8,safe,ok
2025-07-03T17:00,synthetic-simulated,SNSR-NABHA-01,nabha,Nabha,7.38,728,30.9,73.1,safe,ok
2025-07-03T18:00,synthetic-simulated,SNSR-NABHA-01,nabha,Nabha,7.41,715,29.8,66.0,safe,ok
2025-07-03T19:00,synthetic-simulated,SNSR-NABHA-01,nabha,Nabha,7.39,714,29.4,69.5,safe,ok
2025-07-03T20:00,synthetic-simulated,SNSR-NABHA-01,nabha,Nabha,7.34,721,28.2,82.6,safe,ok
2025-07-03T21:00,synthetic-simulated,SNSR-NABHA-01,nabha,Nabha,7.41,741,27.2,94.3,safe,ok
2025-07-03T22:00,synthetic-simulated,SNSR-NABHA-01,nabha,Nabha,7.39,728,26.8,95.6,safe,ok
2025-07-03T23:00,synthetic-simulated,SNSR-NABHA-01,nabha,Nabha,7.43,722,25.8,100.9,safe,ok
2025-07-04T00:00,synthetic-simulated,SNSR-NABHA-01,nabha,Nabha,7.42,751,25.7,107.6,safe,ok
2025-07-04T01:00,synthetic-simulated,SNSR-NABHA-01,nabha,Nabha,7.34,729,25.4,100.4,safe,ok
2025-07-04T02:00,synthetic-simulated,SNSR-NABHA-01,nabha,Nabha,7.43,713,24.8,92.8,safe,ok
2025-07-04T03:00,synthetic-simulated,SNSR-NABHA-01,nabha,Nabha,7.44,725,24.9,91.0,safe,ok
2025-07-04T04:00,synthetic-simulated,SNSR-NABHA-01,nabha,Nabha,7.38,725,24.7,80.4,safe,ok
2025-07-04T05:00,synthetic-simulated,SNSR-NABHA-01,nabha,Nabha,7.42,730,24.8,68.8,safe,ok
2025-07-04T06:00,synthetic-simulated,SNSR-NABHA-01,nabha,Nabha,7.42,742,24.8,69.9,safe,ok
2025-07-04T07:00,synthetic-simulated,SNSR-NABHA-01,nabha,Nabha,7.38,729,26.0,75.3,safe,ok
2025-07-04T08:00,synthetic-simulated,SNSR-NABHA-01,nabha,Nabha,7.41,715,26.9,79.1,safe,ok
2025-07-04T09:00,synthetic-simulated,SNSR-NABHA-01,nabha,Nabha,7.33,745,27.3,85.7,safe,ok
2025-07-04T10:00,synthetic-simulated,SNSR-NABHA-01,nabha,Nabha,7.37,727,28.2,91.0,safe,ok
2025-07-04T11:00,synthetic-simulated,SNSR-NABHA-01,nabha,Nabha,7.36,741,28.9,98.9,safe,ok
2025-07-04T12:00,synthetic-simulated,SNSR-NABHA-01,nabha,Nabha,7.41,744,30.0,112.2,safe,ok
2025-07-04T13:00,synthetic-simulated,SNSR-NABHA-01,nabha,Nabha,7.38,717,30.4,106.1,safe,ok
2025-07-04T14:00,synthetic-simulated,SNSR-NABHA-01,nabha,Nabha,7.4,741,30.7,96.2,safe,ok
2025-07-04T15:00,synthetic-simulated,SNSR-NABHA-01,nabha,Nabha,7.4,720,31.1,90.3,safe,ok
2025-07-04T16:00,synthetic-simulated,SNSR-NABHA-01,nabha,Nabha,7.39,732,30.2,82.5,safe,ok
2025-07-04T17:00,synthetic-simulated,SNSR-NABHA-01,nabha,Nabha,7.4,747,30.2,70.8,safe,ok
2025-07-04T18:00,synthetic-simulated,SNSR-NABHA-01,nabha,Nabha,7.41,739,29.3,67.9,safe,ok
2025-07-04T19:00,synthetic-simulated,SNSR-NABHA-01,nabha,Nabha,7.35,719,29.0,79.6,safe,ok
2025-07-04T20:00,synthetic-simulated,SNSR-NABHA-01,nabha,Nabha,7.4,712,29.1,80.6,safe,ok
2025-07-04T21:00,synthetic-simulated,SNSR-NABHA-01,nabha,Nabha,7.37,739,27.5,87.2,safe,ok
2025-07-04T22:00,synthetic-simulated,SNSR-NABHA-01,nabha,Nabha,7.46,736,26.9,91.4,safe,ok
2025-07-04T23:00,synthetic-simulated,SNSR-NABHA-01,nabha,Nabha,7.38,720,26.2,102.7,safe,ok
2025-07-05T00:00,synthetic-simulated,SNSR-NABHA-01,nabha,Nabha,7.34,742,24.9,109.8,safe,ok
2025-07-05T01:00,synthetic-simulated,SNSR-NABHA-01,nabha,Nabha,7.3,730,24.3,100.0,safe,ok
2025-07-05T02:00,synthetic-simulated,SNSR-NABHA-01,nabha,Nabha,7.45,737,24.4,99.6,safe,ok
2025-07-05T03:00,synthetic-simulated,SNSR-NABHA-01,nabha,Nabha,7.44,714,24.9,85.3,safe,ok
2025-07-05T04:00,synthetic-simulated,SNSR-NABHA-01,nabha,Nabha,7.36,733,24.4,81.2,safe,ok
2025-07-05T05:00,synthetic-simulated,SNSR-NABHA-01,nabha,Nabha,7.42,733,24.8,76.6,safe,ok
2025-07-05T06:00,synthetic-simulated,SNSR-NABHA-01,nabha,Nabha,7.4,717,26.0,63.3,safe,ok
2025-07-05T07:00,synthetic-simulated,SNSR-NABHA-01,nabha,Nabha,7.47,713,26.6,74.6,safe,ok
2025-07-05T08:00,synthetic-simulated,SNSR-NABHA-01,nabha,Nabha,7.45,731,27.7,80.7,safe,ok
2025-07-05T09:00,synthetic-simulated,SNSR-NABHA-01,nabha,Nabha,7.36,744,27.3,86.8,safe,ok
2025-07-05T10:00,synthetic-simulated,SNSR-NABHA-01,nabha,Nabha,7.41,715,28.7,95.3,safe,ok
2025-07-05T11:00,synthetic-simulated,SNSR-NABHA-01,nabha,Nabha,7.37,724,29.0,98.3,safe,ok
2025-07-05T12:00,synthetic-simulated,SNSR-NABHA-01,nabha,Nabha,7.33,725,30.0,108.4,safe,ok
2025-07-05T13:00,synthetic-simulated,SNSR-NABHA-01,nabha,Nabha,7.41,740,30.2,103.9,safe,ok
2025-07-05T14:00,synthetic-simulated,SNSR-NABHA-01,nabha,Nabha,7.4,719,30.6,93.6,safe,ok
2025-07-05T15:00,synthetic-simulated,SNSR-NABHA-01,nabha,Nabha,7.34,735,30.8,90.1,safe,ok
2025-07-05T16:00,synthetic-simulated,SNSR-NABHA-01,nabha,Nabha,7.42,733,30.2,80.5,safe,ok
2025-07-05T17:00,synthetic-simulated,SNSR-NABHA-01,nabha,Nabha,7.38,731,30.4,72.0,safe,ok
2025-07-05T18:00,synthetic-simulated,SNSR-NABHA-01,nabha,Nabha,7.39,718,29.2,65.2,safe,ok
2025-07-05T19:00,synthetic-simulated,SNSR-NABHA-01,nabha,Nabha,7.34,742,29.0,75.4,safe,ok
2025-07-05T20:00,synthetic-simulated,SNSR-NABHA-01,nabha,Nabha,7.39,725,28.6,79.1,safe,ok
2025-07-05T21:00,synthetic-simulated,SNSR-NABHA-01,nabha,Nabha,7.38,735,27.7,88.7,safe,ok
2025-07-05T22:00,synthetic-simulated,SNSR-NABHA-01,nabha,Nabha,7.37,757,26.1,96.5,safe,ok
2025-07-05T23:00,synthetic-simulated,SNSR-NABHA-01,nabha,Nabha,7.43,709,25.7,105.3,safe,ok
2025-06-22T00:00,synthetic-simulated,SNSR-GHANAUR-01,ghanaur,Ghanaur,,,,,,dropout
2025-06-22T01:00,synthetic-simulated,SNSR-GHANAUR-01,ghanaur,Ghanaur,7.44,755,25.2,98.9,safe,ok
2025-06-22T02:00,synthetic-simulated,SNSR-GHANAUR-01,ghanaur,Ghanaur,7.43,726,23.9,94.0,safe,ok
2025-06-22T03:00,synthetic-simulated,SNSR-GHANAUR-01,ghanaur,Ghanaur,7.44,766,24.0,90.2,safe,ok
2025-06-22T04:00,synthetic-simulated,SNSR-GHANAUR-01,ghanaur,Ghanaur,7.48,763,24.5,74.5,safe,ok
2025-06-22T05:00,synthetic-simulated,SNSR-GHANAUR-01,ghanaur,Ghanaur,7.48,761,24.8,75.0,safe,ok
2025-06-22T06:00,synthetic-simulated,SNSR-GHANAUR-01,ghanaur,Ghanaur,7.48,760,25.2,63.6,safe,ok
2025-06-22T07:00,synthetic-simulated,SNSR-GHANAUR-01,ghanaur,Ghanaur,7.48,748,25.9,69.6,safe,ok
2025-06-22T08:00,synthetic-simulated,SNSR-GHANAUR-01,ghanaur,Ghanaur,7.34,750,26.5,78.5,safe,ok
2025-06-22T09:00,synthetic-simulated,SNSR-GHANAUR-01,ghanaur,Ghanaur,7.4,744,27.1,85.9,safe,ok
2025-06-22T10:00,synthetic-simulated,SNSR-GHANAUR-01,ghanaur,Ghanaur,7.45,764,28.8,95.6,safe,ok
2025-06-22T11:00,synthetic-simulated,SNSR-GHANAUR-01,ghanaur,Ghanaur,7.46,749,29.2,102.2,safe,ok
2025-06-22T12:00,synthetic-simulated,SNSR-GHANAUR-01,ghanaur,Ghanaur,7.47,749,29.5,115.0,safe,ok
2025-06-22T13:00,synthetic-simulated,SNSR-GHANAUR-01,ghanaur,Ghanaur,7.45,761,30.7,102.0,safe,ok
2025-06-22T14:00,synthetic-simulated,SNSR-GHANAUR-01,ghanaur,Ghanaur,7.44,751,30.8,92.9,safe,ok
2025-06-22T15:00,synthetic-simulated,SNSR-GHANAUR-01,ghanaur,Ghanaur,7.45,746,30.2,82.7,safe,ok
2025-06-22T16:00,synthetic-simulated,SNSR-GHANAUR-01,ghanaur,Ghanaur,7.41,763,29.9,85.3,safe,ok
2025-06-22T17:00,synthetic-simulated,SNSR-GHANAUR-01,ghanaur,Ghanaur,7.49,763,29.9,71.9,safe,ok
2025-06-22T18:00,synthetic-simulated,SNSR-GHANAUR-01,ghanaur,Ghanaur,7.42,753,30.0,65.2,safe,ok
2025-06-22T19:00,synthetic-simulated,SNSR-GHANAUR-01,ghanaur,Ghanaur,7.46,741,29.2,75.3,safe,ok
2025-06-22T20:00,synthetic-simulated,SNSR-GHANAUR-01,ghanaur,Ghanaur,7.36,750,28.2,78.2,safe,ok
2025-06-22T21:00,synthetic-simulated,SNSR-GHANAUR-01,ghanaur,Ghanaur,7.43,768,27.4,87.1,safe,ok
2025-06-22T22:00,synthetic-simulated,SNSR-GHANAUR-01,ghanaur,Ghanaur,7.48,770,26.6,93.2,safe,ok
2025-06-22T23:00,synthetic-simulated,SNSR-GHANAUR-01,ghanaur,Ghanaur,7.51,761,25.6,101.7,safe,ok
2025-06-23T00:00,synthetic-simulated,SNSR-GHANAUR-01,ghanaur,Ghanaur,7.46,749,25.4,104.0,safe,ok
2025-06-23T01:00,synthetic-simulated,SNSR-GHANAUR-01,ghanaur,Ghanaur,7.47,742,25.3,101.5,safe,ok
2025-06-23T02:00,synthetic-simulated,SNSR-GHANAUR-01,ghanaur,Ghanaur,7.44,737,24.8,94.8,safe,ok
2025-06-23T03:00,synthetic-simulated,SNSR-GHANAUR-01,ghanaur,Ghanaur,7.44,763,22.9,85.0,safe,ok
2025-06-23T04:00,synthetic-simulated,SNSR-GHANAUR-01,ghanaur,Ghanaur,7.4,752,23.8,76.0,safe,ok
2025-06-23T05:00,synthetic-simulated,SNSR-GHANAUR-01,ghanaur,Ghanaur,7.43,750,24.7,66.4,safe,ok
2025-06-23T06:00,synthetic-simulated,SNSR-GHANAUR-01,ghanaur,Ghanaur,7.42,742,25.6,62.8,safe,ok
2025-06-23T07:00,synthetic-simulated,SNSR-GHANAUR-01,ghanaur,Ghanaur,7.39,746,25.5,72.2,safe,ok
2025-06-23T08:00,synthetic-simulated,SNSR-GHANAUR-01,ghanaur,Ghanaur,7.42,761,26.9,79.2,safe,ok
2025-06-23T09:00,synthetic-simulated,SNSR-GHANAUR-01,ghanaur,Ghanaur,7.46,758,27.4,86.5,safe,ok
2025-06-23T10:00,synthetic-simulated,SNSR-GHANAUR-01,ghanaur,Ghanaur,7.43,750,28.3,97.0,safe,ok
2025-06-23T11:00,synthetic-simulated,SNSR-GHANAUR-01,ghanaur,Ghanaur,7.41,754,29.1,104.6,safe,ok
2025-06-23T12:00,synthetic-simulated,SNSR-GHANAUR-01,ghanaur,Ghanaur,7.4,762,29.3,110.6,safe,ok
2025-06-23T13:00,synthetic-simulated,SNSR-GHANAUR-01,ghanaur,Ghanaur,7.45,746,29.9,101.0,safe,ok
2025-06-23T14:00,synthetic-simulated,SNSR-GHANAUR-01,ghanaur,Ghanaur,7.45,755,31.4,97.2,safe,ok
2025-06-23T15:00,synthetic-simulated,SNSR-GHANAUR-01,ghanaur,Ghanaur,7.45,747,30.5,87.4,safe,ok
2025-06-23T16:00,synthetic-simulated,SNSR-GHANAUR-01,ghanaur,Ghanaur,7.45,748,30.4,78.5,safe,ok
2025-06-23T17:00,synthetic-simulated,SNSR-GHANAUR-01,ghanaur,Ghanaur,7.48,759,30.1,76.7,safe,ok
2025-06-23T18:00,synthetic-simulated,SNSR-GHANAUR-01,ghanaur,Ghanaur,7.47,756,29.1,67.0,safe,ok
2025-06-23T19:00,synthetic-simulated,SNSR-GHANAUR-01,ghanaur,Ghanaur,7.5,754,28.6,74.0,safe,ok
2025-06-23T20:00,synthetic-simulated,SNSR-GHANAUR-01,ghanaur,Ghanaur,7.48,756,27.8,79.1,safe,ok
2025-06-23T21:00,synthetic-simulated,SNSR-GHANAUR-01,ghanaur,Ghanaur,7.46,751,26.9,90.1,safe,ok
2025-06-23T22:00,synthetic-simulated,SNSR-GHANAUR-01,ghanaur,Ghanaur,7.4,745,26.9,98.8,safe,ok
2025-06-23T23:00,synthetic-simulated,SNSR-GHANAUR-01,ghanaur,Ghanaur,7.45,757,25.0,100.4,safe,ok
2025-06-24T00:00,synthetic-simulated,SNSR-GHANAUR-01,ghanaur,Ghanaur,7.45,758,25.3,112.4,safe,ok
2025-06-24T01:00,synthetic-simulated,SNSR-GHANAUR-01,ghanaur,Ghanaur,7.5,738,24.8,108.2,safe,ok
2025-06-24T02:00,synthetic-simulated,SNSR-GHANAUR-01,ghanaur,Ghanaur,7.46,737,24.1,95.4,safe,ok
2025-06-24T03:00,synthetic-simulated,SNSR-GHANAUR-01,ghanaur,Ghanaur,7.48,752,24.6,91.8,safe,ok
2025-06-24T04:00,synthetic-simulated,SNSR-GHANAUR-01,ghanaur,Ghanaur,7.45,755,24.7,78.5,safe,ok
2025-06-24T05:00,synthetic-simulated,SNSR-GHANAUR-01,ghanaur,Ghanaur,7.4,746,25.0,72.5,safe,ok
2025-06-24T06:00,synthetic-simulated,SNSR-GHANAUR-01,ghanaur,Ghanaur,7.43,753,24.8,66.3,safe,ok
2025-06-24T07:00,synthetic-simulated,SNSR-GHANAUR-01,ghanaur,Ghanaur,7.45,741,26.8,74.0,safe,ok
2025-06-24T08:00,synthetic-simulated,SNSR-GHANAUR-01,ghanaur,Ghanaur,7.46,748,27.1,83.3,safe,ok
2025-06-24T09:00,synthetic-simulated,SNSR-GHANAUR-01,ghanaur,Ghanaur,7.48,739,27.3,87.3,safe,ok
2025-06-24T10:00,synthetic-simulated,SNSR-GHANAUR-01,ghanaur,Ghanaur,7.48,746,28.3,97.1,safe,ok
2025-06-24T11:00,synthetic-simulated,SNSR-GHANAUR-01,ghanaur,Ghanaur,7.45,766,29.2,103.8,safe,ok
2025-06-24T12:00,synthetic-simulated,SNSR-GHANAUR-01,ghanaur,Ghanaur,7.46,757,28.9,110.9,safe,ok
2025-06-24T13:00,synthetic-simulated,SNSR-GHANAUR-01,ghanaur,Ghanaur,7.47,753,30.0,102.7,safe,ok
2025-06-24T14:00,synthetic-simulated,SNSR-GHANAUR-01,ghanaur,Ghanaur,7.43,752,30.8,92.6,safe,ok
2025-06-24T15:00,synthetic-simulated,SNSR-GHANAUR-01,ghanaur,Ghanaur,7.44,748,30.3,86.1,safe,ok
2025-06-24T16:00,synthetic-simulated,SNSR-GHANAUR-01,ghanaur,Ghanaur,7.44,752,30.8,78.7,safe,ok
2025-06-24T17:00,synthetic-simulated,SNSR-GHANAUR-01,ghanaur,Ghanaur,7.43,757,30.8,76.1,safe,ok
2025-06-24T18:00,synthetic-simulated,SNSR-GHANAUR-01,ghanaur,Ghanaur,7.47,744,30.2,68.4,safe,ok
2025-06-24T19:00,synthetic-simulated,SNSR-GHANAUR-01,ghanaur,Ghanaur,7.5,758,29.3,72.9,safe,ok
2025-06-24T20:00,synthetic-simulated,SNSR-GHANAUR-01,ghanaur,Ghanaur,7.52,764,28.3,75.7,safe,ok
2025-06-24T21:00,synthetic-simulated,SNSR-GHANAUR-01,ghanaur,Ghanaur,7.43,748,27.8,82.1,safe,ok
2025-06-24T22:00,synthetic-simulated,SNSR-GHANAUR-01,ghanaur,Ghanaur,7.49,750,25.9,95.0,safe,ok
2025-06-24T23:00,synthetic-simulated,SNSR-GHANAUR-01,ghanaur,Ghanaur,7.43,763,25.8,103.4,safe,ok
2025-06-25T00:00,synthetic-simulated,SNSR-GHANAUR-01,ghanaur,Ghanaur,7.4,741,25.0,112.3,safe,ok
2025-06-25T01:00,synthetic-simulated,SNSR-GHANAUR-01,ghanaur,Ghanaur,7.45,752,25.0,100.0,safe,ok
2025-06-25T02:00,synthetic-simulated,SNSR-GHANAUR-01,ghanaur,Ghanaur,7.47,754,24.2,96.4,safe,ok
2025-06-25T03:00,synthetic-simulated,SNSR-GHANAUR-01,ghanaur,Ghanaur,7.39,755,24.0,84.8,safe,ok
2025-06-25T04:00,synthetic-simulated,SNSR-GHANAUR-01,ghanaur,Ghanaur,7.45,755,24.1,83.9,safe,ok
2025-06-25T05:00,synthetic-simulated,SNSR-GHANAUR-01,ghanaur,Ghanaur,7.46,752,24.8,73.2,safe,ok
2025-06-25T06:00,synthetic-simulated,SNSR-GHANAUR-01,ghanaur,Ghanaur,7.4,750,25.9,69.4,safe,ok
2025-06-25T07:00,synthetic-simulated,SNSR-GHANAUR-01,ghanaur,Ghanaur,7.51,752,25.9,72.5,safe,ok
2025-06-25T08:00,synthetic-simulated,SNSR-GHANAUR-01,ghanaur,Ghanaur,7.43,764,26.4,82.0,safe,ok
2025-06-25T09:00,synthetic-simulated,SNSR-GHANAUR-01,ghanaur,Ghanaur,7.42,746,27.4,86.1,safe,ok
2025-06-25T10:00,synthetic-simulated,SNSR-GHANAUR-01,ghanaur,Ghanaur,7.39,757,28.6,101.4,safe,ok
2025-06-25T11:00,synthetic-simulated,SNSR-GHANAUR-01,ghanaur,Ghanaur,7.44,768,29.6,101.9,safe,ok
2025-06-25T12:00,synthetic-simulated,SNSR-GHANAUR-01,ghanaur,Ghanaur,7.48,742,30.3,112.5,safe,ok
2025-06-25T13:00,synthetic-simulated,SNSR-GHANAUR-01,ghanaur,Ghanaur,7.42,755,29.9,100.9,safe,ok
2025-06-25T14:00,synthetic-simulated,SNSR-GHANAUR-01,ghanaur,Ghanaur,7.42,752,30.0,93.5,safe,ok
2025-06-25T15:00,synthetic-simulated,SNSR-GHANAUR-01,ghanaur,Ghanaur,7.42,755,30.6,86.9,safe,ok
2025-06-25T16:00,synthetic-simulated,SNSR-GHANAUR-01,ghanaur,Ghanaur,7.51,756,30.9,82.7,safe,ok
2025-06-25T17:00,synthetic-simulated,SNSR-GHANAUR-01,ghanaur,Ghanaur,7.44,755,30.2,73.8,safe,ok
2025-06-25T18:00,synthetic-simulated,SNSR-GHANAUR-01,ghanaur,Ghanaur,7.44,758,29.6,65.8,safe,ok
2025-06-25T19:00,synthetic-simulated,SNSR-GHANAUR-01,ghanaur,Ghanaur,7.45,738,29.3,71.8,safe,ok
2025-06-25T20:00,synthetic-simulated,SNSR-GHANAUR-01,ghanaur,Ghanaur,7.43,769,28.0,80.6,safe,ok
2025-06-25T21:00,synthetic-simulated,SNSR-GHANAUR-01,ghanaur,Ghanaur,7.44,752,27.4,88.5,safe,ok
2025-06-25T22:00,synthetic-simulated,SNSR-GHANAUR-01,ghanaur,Ghanaur,7.45,774,26.6,93.7,safe,ok
2025-06-25T23:00,synthetic-simulated,SNSR-GHANAUR-01,ghanaur,Ghanaur,7.42,750,25.9,100.9,safe,ok
2025-06-26T00:00,synthetic-simulated,SNSR-GHANAUR-01,ghanaur,Ghanaur,7.44,756,24.8,111.9,safe,ok
2025-06-26T01:00,synthetic-simulated,SNSR-GHANAUR-01,ghanaur,Ghanaur,7.47,749,25.3,101.6,safe,ok
2025-06-26T02:00,synthetic-simulated,SNSR-GHANAUR-01,ghanaur,Ghanaur,7.47,735,24.7,94.7,safe,ok
2025-06-26T03:00,synthetic-simulated,SNSR-GHANAUR-01,ghanaur,Ghanaur,7.45,747,24.4,88.1,safe,ok
2025-06-26T04:00,synthetic-simulated,SNSR-GHANAUR-01,ghanaur,Ghanaur,7.52,738,24.5,83.4,safe,ok
2025-06-26T05:00,synthetic-simulated,SNSR-GHANAUR-01,ghanaur,Ghanaur,7.46,755,24.9,73.2,safe,ok
2025-06-26T06:00,synthetic-simulated,SNSR-GHANAUR-01,ghanaur,Ghanaur,7.49,767,24.9,68.8,safe,ok
2025-06-26T07:00,synthetic-simulated,SNSR-GHANAUR-01,ghanaur,Ghanaur,7.42,757,26.3,75.3,safe,ok
2025-06-26T08:00,synthetic-simulated,SNSR-GHANAUR-01,ghanaur,Ghanaur,7.43,748,26.6,78.2,safe,ok
2025-06-26T09:00,synthetic-simulated,SNSR-GHANAUR-01,ghanaur,Ghanaur,7.46,764,27.4,85.7,safe,ok
2025-06-26T10:00,synthetic-simulated,SNSR-GHANAUR-01,ghanaur,Ghanaur,7.4,753,28.6,95.1,safe,ok
2025-06-26T11:00,synthetic-simulated,SNSR-GHANAUR-01,ghanaur,Ghanaur,7.49,748,29.4,104.7,safe,ok
2025-06-26T12:00,synthetic-simulated,SNSR-GHANAUR-01,ghanaur,Ghanaur,7.41,763,29.9,111.3,safe,ok
2025-06-26T13:00,synthetic-simulated,SNSR-GHANAUR-01,ghanaur,Ghanaur,7.46,758,30.2,102.4,safe,ok
2025-06-26T14:00,synthetic-simulated,SNSR-GHANAUR-01,ghanaur,Ghanaur,7.48,749,30.4,92.6,safe,ok
2025-06-26T15:00,synthetic-simulated,SNSR-GHANAUR-01,ghanaur,Ghanaur,7.5,748,30.3,86.0,safe,ok
2025-06-26T16:00,synthetic-simulated,SNSR-GHANAUR-01,ghanaur,Ghanaur,7.45,735,30.1,79.1,safe,ok
2025-06-26T17:00,synthetic-simulated,SNSR-GHANAUR-01,ghanaur,Ghanaur,7.43,740,29.9,70.7,safe,ok
2025-06-26T18:00,synthetic-simulated,SNSR-GHANAUR-01,ghanaur,Ghanaur,7.43,781,29.7,65.1,safe,ok
2025-06-26T19:00,synthetic-simulated,SNSR-GHANAUR-01,ghanaur,Ghanaur,7.42,755,28.2,72.1,safe,ok
2025-06-26T20:00,synthetic-simulated,SNSR-GHANAUR-01,ghanaur,Ghanaur,7.4,755,28.8,78.1,safe,ok
2025-06-26T21:00,synthetic-simulated,SNSR-GHANAUR-01,ghanaur,Ghanaur,7.38,758,28.1,86.5,safe,ok
2025-06-26T22:00,synthetic-simulated,SNSR-GHANAUR-01,ghanaur,Ghanaur,7.46,766,26.9,94.1,safe,ok
2025-06-26T23:00,synthetic-simulated,SNSR-GHANAUR-01,ghanaur,Ghanaur,7.46,742,26.9,105.3,safe,ok
2025-06-27T00:00,synthetic-simulated,SNSR-GHANAUR-01,ghanaur,Ghanaur,7.48,754,25.9,109.6,safe,ok
2025-06-27T01:00,synthetic-simulated,SNSR-GHANAUR-01,ghanaur,Ghanaur,7.46,737,24.9,100.6,safe,ok
2025-06-27T02:00,synthetic-simulated,SNSR-GHANAUR-01,ghanaur,Ghanaur,7.5,752,24.7,91.1,safe,ok
2025-06-27T03:00,synthetic-simulated,SNSR-GHANAUR-01,ghanaur,Ghanaur,7.47,755,24.0,83.7,safe,ok
2025-06-27T04:00,synthetic-simulated,SNSR-GHANAUR-01,ghanaur,Ghanaur,7.51,767,24.9,80.8,safe,ok
2025-06-27T05:00,synthetic-simulated,SNSR-GHANAUR-01,ghanaur,Ghanaur,7.45,744,25.5,67.9,safe,ok
2025-06-27T06:00,synthetic-simulated,SNSR-GHANAUR-01,ghanaur,Ghanaur,7.39,738,25.7,65.0,safe,ok
2025-06-27T07:00,synthetic-simulated,SNSR-GHANAUR-01,ghanaur,Ghanaur,7.52,727,26.5,71.6,safe,ok
2025-06-27T08:00,synthetic-simulated,SNSR-GHANAUR-01,ghanaur,Ghanaur,7.49,753,26.8,81.6,safe,ok
2025-06-27T09:00,synthetic-simulated,SNSR-GHANAUR-01,ghanaur,Ghanaur,7.43,756,26.8,84.9,safe,ok
2025-06-27T10:00,synthetic-simulated,SNSR-GHANAUR-01,ghanaur,Ghanaur,7.4,760,27.9,98.9,safe,ok
2025-06-27T11:00,synthetic-simulated,SNSR-GHANAUR-01,ghanaur,Ghanaur,7.46,763,29.2,104.1,safe,ok
2025-06-27T12:00,synthetic-simulated,SNSR-GHANAUR-01,ghanaur,Ghanaur,7.45,749,30.1,109.8,safe,ok
2025-06-27T13:00,synthetic-simulated,SNSR-GHANAUR-01,ghanaur,Ghanaur,7.42,740,30.3,101.4,safe,ok
2025-06-27T14:00,synthetic-simulated,SNSR-GHANAUR-01,ghanaur,Ghanaur,7.54,741,30.5,93.7,safe,ok
2025-06-27T15:00,synthetic-simulated,SNSR-GHANAUR-01,ghanaur,Ghanaur,7.46,753,31.0,87.4,safe,ok
2025-06-27T16:00,synthetic-simulated,SNSR-GHANAUR-01,ghanaur,Ghanaur,7.48,757,30.5,83.9,safe,ok
2025-06-27T17:00,synthetic-simulated,SNSR-GHANAUR-01,ghanaur,Ghanaur,7.44,760,30.9,74.0,safe,ok
2025-06-27T18:00,synthetic-simulated,SNSR-GHANAUR-01,ghanaur,Ghanaur,7.48,759,30.3,67.7,safe,ok
2025-06-27T19:00,synthetic-simulated,SNSR-GHANAUR-01,ghanaur,Ghanaur,7.42,751,28.4,73.9,safe,ok
2025-06-27T20:00,synthetic-simulated,SNSR-GHANAUR-01,ghanaur,Ghanaur,7.44,748,28.5,74.9,safe,ok
2025-06-27T21:00,synthetic-simulated,SNSR-GHANAUR-01,ghanaur,Ghanaur,7.4,764,27.1,93.0,safe,ok
2025-06-27T22:00,synthetic-simulated,SNSR-GHANAUR-01,ghanaur,Ghanaur,7.4,760,26.6,94.0,safe,ok
2025-06-27T23:00,synthetic-simulated,SNSR-GHANAUR-01,ghanaur,Ghanaur,7.48,758,25.7,100.4,safe,ok
2025-06-28T00:00,synthetic-simulated,SNSR-GHANAUR-01,ghanaur,Ghanaur,7.42,755,25.3,113.3,safe,ok
2025-06-28T01:00,synthetic-simulated,SNSR-GHANAUR-01,ghanaur,Ghanaur,7.49,736,25.1,102.6,safe,ok
2025-06-28T02:00,synthetic-simulated,SNSR-GHANAUR-01,ghanaur,Ghanaur,7.42,768,24.8,94.2,safe,ok
2025-06-28T03:00,synthetic-simulated,SNSR-GHANAUR-01,ghanaur,Ghanaur,7.47,757,24.6,86.9,safe,ok
2025-06-28T04:00,synthetic-simulated,SNSR-GHANAUR-01,ghanaur,Ghanaur,7.46,759,24.3,83.9,safe,ok
2025-06-28T05:00,synthetic-simulated,SNSR-GHANAUR-01,ghanaur,Ghanaur,7.45,761,24.4,70.0,safe,ok
2025-06-28T06:00,synthetic-simulated,SNSR-GHANAUR-01,ghanaur,Ghanaur,7.48,769,25.6,66.2,safe,ok
2025-06-28T07:00,synthetic-simulated,SNSR-GHANAUR-01,ghanaur,Ghanaur,7.39,758,26.5,74.2,safe,ok
2025-06-28T08:00,synthetic-simulated,SNSR-GHANAUR-01,ghanaur,Ghanaur,7.44,748,27.0,77.3,safe,ok
2025-06-28T09:00,synthetic-simulated,SNSR-GHANAUR-01,ghanaur,Ghanaur,7.42,743,27.9,85.0,safe,ok
2025-06-28T10:00,synthetic-simulated,SNSR-GHANAUR-01,ghanaur,Ghanaur,7.51,770,28.4,95.2,safe,ok
2025-06-28T11:00,synthetic-simulated,SNSR-GHANAUR-01,ghanaur,Ghanaur,7.48,760,29.3,103.6,safe,ok
2025-06-28T12:00,synthetic-simulated,SNSR-GHANAUR-01,ghanaur,Ghanaur,7.47,740,30.1,105.8,safe,ok
2025-06-28T13:00,synthetic-simulated,SNSR-GHANAUR-01,ghanaur,Ghanaur,7.48,770,30.8,99.7,safe,ok
2025-06-28T14:00,synthetic-simulated,SNSR-GHANAUR-01,ghanaur,Ghanaur,7.48,739,30.7,102.7,safe,ok
2025-06-28T15:00,synthetic-simulated,SNSR-GHANAUR-01,ghanaur,Ghanaur,7.41,752,30.6,88.2,safe,ok
2025-06-28T16:00,synthetic-simulated,SNSR-GHANAUR-01,ghanaur,Ghanaur,7.46,751,30.0,80.6,safe,ok
2025-06-28T17:00,synthetic-simulated,SNSR-GHANAUR-01,ghanaur,Ghanaur,7.5,746,29.6,74.5,safe,ok
2025-06-28T18:00,synthetic-simulated,SNSR-GHANAUR-01,ghanaur,Ghanaur,7.47,765,30.5,63.9,safe,ok
2025-06-28T19:00,synthetic-simulated,SNSR-GHANAUR-01,ghanaur,Ghanaur,7.44,760,29.0,73.6,safe,ok
2025-06-28T20:00,synthetic-simulated,SNSR-GHANAUR-01,ghanaur,Ghanaur,7.39,739,28.1,79.4,safe,ok
2025-06-28T21:00,synthetic-simulated,SNSR-GHANAUR-01,ghanaur,Ghanaur,7.44,759,27.6,86.2,safe,ok
2025-06-28T22:00,synthetic-simulated,SNSR-GHANAUR-01,ghanaur,Ghanaur,7.48,743,26.9,96.4,safe,ok
2025-06-28T23:00,synthetic-simulated,SNSR-GHANAUR-01,ghanaur,Ghanaur,7.49,743,26.2,105.5,safe,ok
2025-06-29T00:00,synthetic-simulated,SNSR-GHANAUR-01,ghanaur,Ghanaur,7.45,749,25.9,109.4,safe,ok
2025-06-29T01:00,synthetic-simulated,SNSR-GHANAUR-01,ghanaur,Ghanaur,7.43,773,24.5,102.0,safe,ok
2025-06-29T02:00,synthetic-simulated,SNSR-GHANAUR-01,ghanaur,Ghanaur,7.42,758,24.4,97.2,safe,ok
2025-06-29T03:00,synthetic-simulated,SNSR-GHANAUR-01,ghanaur,Ghanaur,7.44,761,24.4,87.0,safe,ok
2025-06-29T04:00,synthetic-simulated,SNSR-GHANAUR-01,ghanaur,Ghanaur,7.45,754,24.8,78.9,safe,ok
2025-06-29T05:00,synthetic-simulated,SNSR-GHANAUR-01,ghanaur,Ghanaur,7.45,757,24.9,79.3,safe,ok
2025-06-29T06:00,synthetic-simulated,SNSR-GHANAUR-01,ghanaur,Ghanaur,7.44,746,25.0,66.6,safe,ok
2025-06-29T07:00,synthetic-simulated,SNSR-GHANAUR-01,ghanaur,Ghanaur,7.44,769,26.4,72.9,safe,ok
2025-06-29T08:00,synthetic-simulated,SNSR-GHANAUR-01,ghanaur,Ghanaur,7.43,762,27.0,77.1,safe,ok
2025-06-29T09:00,synthetic-simulated,SNSR-GHANAUR-01,ghanaur,Ghanaur,7.46,745,27.1,90.0,safe,ok
2025-06-29T10:00,synthetic-simulated,SNSR-GHANAUR-01,ghanaur,Ghanaur,7.43,756,28.3,97.4,safe,ok
2025-06-29T11:00,synthetic-simulated,SNSR-GHANAUR-01,ghanaur,Ghanaur,7.43,739,28.7,105.8,safe,ok
2025-06-29T12:00,synthetic-simulated,SNSR-GHANAUR-01,ghanaur,Ghanaur,7.46,737,29.5,106.1,safe,ok
2025-06-29T13:00,synthetic-simulated,SNSR-GHANAUR-01,ghanaur,Ghanaur,7.45,762,31.0,104.7,safe,ok
2025-06-29T14:00,synthetic-simulated,SNSR-GHANAUR-01,ghanaur,Ghanaur,7.47,752,30.2,89.3,safe,ok
2025-06-29T15:00,synthetic-simulated,SNSR-GHANAUR-01,ghanaur,Ghanaur,7.46,759,30.2,87.9,safe,ok
2025-06-29T16:00,synthetic-simulated,SNSR-GHANAUR-01,ghanaur,Ghanaur,7.49,748,30.7,81.1,safe,ok
2025-06-29T17:00,synthetic-simulated,SNSR-GHANAUR-01,ghanaur,Ghanaur,7.51,760,31.0,71.2,safe,ok
2025-06-29T18:00,synthetic-simulated,SNSR-GHANAUR-01,ghanaur,Ghanaur,7.4,761,29.6,65.1,safe,ok
2025-06-29T19:00,synthetic-simulated,SNSR-GHANAUR-01,ghanaur,Ghanaur,7.52,750,28.9,77.3,safe,ok
2025-06-29T20:00,synthetic-simulated,SNSR-GHANAUR-01,ghanaur,Ghanaur,7.46,760,28.1,78.5,safe,ok
2025-06-29T21:00,synthetic-simulated,SNSR-GHANAUR-01,ghanaur,Ghanaur,7.48,759,27.7,83.3,safe,ok
2025-06-29T22:00,synthetic-simulated,SNSR-GHANAUR-01,ghanaur,Ghanaur,7.52,759,26.2,94.9,safe,ok
2025-06-29T23:00,synthetic-simulated,SNSR-GHANAUR-01,ghanaur,Ghanaur,7.49,760,26.1,98.5,safe,ok
2025-06-30T00:00,synthetic-simulated,SNSR-GHANAUR-01,ghanaur,Ghanaur,7.48,758,25.6,109.8,safe,ok
2025-06-30T01:00,synthetic-simulated,SNSR-GHANAUR-01,ghanaur,Ghanaur,7.45,765,24.3,105.1,safe,ok
2025-06-30T02:00,synthetic-simulated,SNSR-GHANAUR-01,ghanaur,Ghanaur,7.41,759,23.9,92.1,safe,ok
2025-06-30T03:00,synthetic-simulated,SNSR-GHANAUR-01,ghanaur,Ghanaur,7.42,753,23.4,88.6,safe,ok
2025-06-30T04:00,synthetic-simulated,SNSR-GHANAUR-01,ghanaur,Ghanaur,7.42,766,24.0,80.7,safe,ok
2025-06-30T05:00,synthetic-simulated,SNSR-GHANAUR-01,ghanaur,Ghanaur,7.47,752,25.1,71.2,safe,ok
2025-06-30T06:00,synthetic-simulated,SNSR-GHANAUR-01,ghanaur,Ghanaur,7.43,753,25.0,70.3,safe,ok
2025-06-30T07:00,synthetic-simulated,SNSR-GHANAUR-01,ghanaur,Ghanaur,7.44,755,25.6,68.2,safe,ok
2025-06-30T08:00,synthetic-simulated,SNSR-GHANAUR-01,ghanaur,Ghanaur,7.43,764,26.5,78.6,safe,ok
2025-06-30T09:00,synthetic-simulated,SNSR-GHANAUR-01,ghanaur,Ghanaur,7.44,740,27.3,88.4,safe,ok
2025-06-30T10:00,synthetic-simulated,SNSR-GHANAUR-01,ghanaur,Ghanaur,7.52,761,28.2,96.6,safe,ok
2025-06-30T11:00,synthetic-simulated,SNSR-GHANAUR-01,ghanaur,Ghanaur,7.42,750,29.3,102.5,safe,ok
2025-06-30T12:00,synthetic-simulated,SNSR-GHANAUR-01,ghanaur,Ghanaur,7.45,749,29.9,107.8,safe,ok
2025-06-30T13:00,synthetic-simulated,SNSR-GHANAUR-01,ghanaur,Ghanaur,7.42,753,30.9,102.8,safe,ok
2025-06-30T14:00,synthetic-simulated,SNSR-GHANAUR-01,ghanaur,Ghanaur,7.43,776,30.1,96.3,safe,ok
2025-06-30T15:00,synthetic-simulated,SNSR-GHANAUR-01,ghanaur,Ghanaur,7.45,747,30.2,87.1,safe,ok
2025-06-30T16:00,synthetic-simulated,SNSR-GHANAUR-01,ghanaur,Ghanaur,7.44,754,30.8,80.1,safe,ok
2025-06-30T17:00,synthetic-simulated,SNSR-GHANAUR-01,ghanaur,Ghanaur,7.5,757,30.7,73.7,safe,ok
2025-06-30T18:00,synthetic-simulated,SNSR-GHANAUR-01,ghanaur,Ghanaur,7.5,759,29.9,64.3,safe,ok
2025-06-30T19:00,synthetic-simulated,SNSR-GHANAUR-01,ghanaur,Ghanaur,7.44,745,29.5,71.8,safe,ok
2025-06-30T20:00,synthetic-simulated,SNSR-GHANAUR-01,ghanaur,Ghanaur,7.45,747,27.8,81.0,safe,ok
2025-06-30T21:00,synthetic-simulated,SNSR-GHANAUR-01,ghanaur,Ghanaur,7.39,750,27.2,89.9,safe,ok
2025-06-30T22:00,synthetic-simulated,SNSR-GHANAUR-01,ghanaur,Ghanaur,7.42,758,26.7,89.0,safe,ok
2025-06-30T23:00,synthetic-simulated,SNSR-GHANAUR-01,ghanaur,Ghanaur,7.43,752,26.2,97.9,safe,ok
2025-07-01T00:00,synthetic-simulated,SNSR-GHANAUR-01,ghanaur,Ghanaur,7.43,744,24.9,109.0,safe,ok
2025-07-01T01:00,synthetic-simulated,SNSR-GHANAUR-01,ghanaur,Ghanaur,7.46,763,25.0,103.1,safe,ok
2025-07-01T02:00,synthetic-simulated,SNSR-GHANAUR-01,ghanaur,Ghanaur,7.51,738,24.2,89.9,safe,ok
2025-07-01T03:00,synthetic-simulated,SNSR-GHANAUR-01,ghanaur,Ghanaur,7.45,745,24.5,91.5,safe,ok
2025-07-01T04:00,synthetic-simulated,SNSR-GHANAUR-01,ghanaur,Ghanaur,7.47,741,24.9,83.1,safe,ok
2025-07-01T05:00,synthetic-simulated,SNSR-GHANAUR-01,ghanaur,Ghanaur,7.45,747,24.7,75.0,safe,ok
2025-07-01T06:00,synthetic-simulated,SNSR-GHANAUR-01,ghanaur,Ghanaur,7.43,743,25.7,67.2,safe,ok
2025-07-01T07:00,synthetic-simulated,SNSR-GHANAUR-01,ghanaur,Ghanaur,7.47,737,26.2,69.2,safe,ok
2025-07-01T08:00,synthetic-simulated,SNSR-GHANAUR-01,ghanaur,Ghanaur,7.48,739,27.4,82.0,safe,ok
2025-07-01T09:00,synthetic-simulated,SNSR-GHANAUR-01,ghanaur,Ghanaur,7.47,755,27.4,84.7,safe,ok
2025-07-01T10:00,synthetic-simulated,SNSR-GHANAUR-01,ghanaur,Ghanaur,7.46,756,28.1,97.0,safe,ok
2025-07-01T11:00,synthetic-simulated,SNSR-GHANAUR-01,ghanaur,Ghanaur,7.44,741,28.8,98.6,safe,ok
2025-07-01T12:00,synthetic-simulated,SNSR-GHANAUR-01,ghanaur,Ghanaur,7.44,757,30.0,107.9,safe,ok
2025-07-01T13:00,synthetic-simulated,SNSR-GHANAUR-01,ghanaur,Ghanaur,7.45,750,30.4,101.8,safe,ok
2025-07-01T14:00,synthetic-simulated,SNSR-GHANAUR-01,ghanaur,Ghanaur,7.4,750,30.8,99.1,safe,ok
2025-07-01T15:00,synthetic-simulated,SNSR-GHANAUR-01,ghanaur,Ghanaur,7.44,745,30.4,85.9,safe,ok
2025-07-01T16:00,synthetic-simulated,SNSR-GHANAUR-01,ghanaur,Ghanaur,7.47,757,29.8,79.7,safe,ok
2025-07-01T17:00,synthetic-simulated,SNSR-GHANAUR-01,ghanaur,Ghanaur,7.44,753,30.2,72.6,safe,ok
2025-07-01T18:00,synthetic-simulated,SNSR-GHANAUR-01,ghanaur,Ghanaur,7.49,747,29.5,65.6,safe,ok
2025-07-01T19:00,synthetic-simulated,SNSR-GHANAUR-01,ghanaur,Ghanaur,7.43,775,29.4,68.2,safe,ok
2025-07-01T20:00,synthetic-simulated,SNSR-GHANAUR-01,ghanaur,Ghanaur,7.43,753,28.5,78.8,safe,ok
2025-07-01T21:00,synthetic-simulated,SNSR-GHANAUR-01,ghanaur,Ghanaur,7.46,739,27.8,84.5,safe,ok
2025-07-01T22:00,synthetic-simulated,SNSR-GHANAUR-01,ghanaur,Ghanaur,7.47,747,26.8,95.3,safe,ok
2025-07-01T23:00,synthetic-simulated,SNSR-GHANAUR-01,ghanaur,Ghanaur,7.38,761,25.9,102.0,safe,ok
2025-07-02T00:00,synthetic-simulated,SNSR-GHANAUR-01,ghanaur,Ghanaur,7.48,740,25.6,108.3,safe,ok
2025-07-02T01:00,synthetic-simulated,SNSR-GHANAUR-01,ghanaur,Ghanaur,7.5,753,24.4,104.4,safe,ok
2025-07-02T02:00,synthetic-simulated,SNSR-GHANAUR-01,ghanaur,Ghanaur,7.47,761,24.9,92.4,safe,ok
2025-07-02T03:00,synthetic-simulated,SNSR-GHANAUR-01,ghanaur,Ghanaur,7.46,755,24.3,87.3,safe,ok
2025-07-02T04:00,synthetic-simulated,SNSR-GHANAUR-01,ghanaur,Ghanaur,,,,,,dropout
2025-07-02T05:00,synthetic-simulated,SNSR-GHANAUR-01,ghanaur,Ghanaur,7.43,757,24.8,73.5,safe,ok
2025-07-02T06:00,synthetic-simulated,SNSR-GHANAUR-01,ghanaur,Ghanaur,7.44,753,24.5,62.8,safe,ok
2025-07-02T07:00,synthetic-simulated,SNSR-GHANAUR-01,ghanaur,Ghanaur,7.48,757,26.2,71.6,safe,ok
2025-07-02T08:00,synthetic-simulated,SNSR-GHANAUR-01,ghanaur,Ghanaur,7.44,736,27.5,79.6,safe,ok
2025-07-02T09:00,synthetic-simulated,SNSR-GHANAUR-01,ghanaur,Ghanaur,7.47,746,27.5,92.2,safe,ok
2025-07-02T10:00,synthetic-simulated,SNSR-GHANAUR-01,ghanaur,Ghanaur,7.5,752,28.8,93.1,safe,ok
2025-07-02T11:00,synthetic-simulated,SNSR-GHANAUR-01,ghanaur,Ghanaur,7.46,747,29.1,100.2,safe,ok
2025-07-02T12:00,synthetic-simulated,SNSR-GHANAUR-01,ghanaur,Ghanaur,7.44,747,29.9,110.6,safe,ok
2025-07-02T13:00,synthetic-simulated,SNSR-GHANAUR-01,ghanaur,Ghanaur,7.45,751,30.1,103.6,safe,ok
2025-07-02T14:00,synthetic-simulated,SNSR-GHANAUR-01,ghanaur,Ghanaur,7.42,749,30.5,97.4,safe,ok
2025-07-02T15:00,synthetic-simulated,SNSR-GHANAUR-01,ghanaur,Ghanaur,7.44,739,30.2,89.0,safe,ok
2025-07-02T16:00,synthetic-simulated,SNSR-GHANAUR-01,ghanaur,Ghanaur,7.44,754,30.9,80.2,safe,ok
2025-07-02T17:00,synthetic-simulated,SNSR-GHANAUR-01,ghanaur,Ghanaur,7.46,754,30.4,75.9,safe,ok
2025-07-02T18:00,synthetic-simulated,SNSR-GHANAUR-01,ghanaur,Ghanaur,7.46,750,29.6,59.9,safe,ok
2025-07-02T19:00,synthetic-simulated,SNSR-GHANAUR-01,ghanaur,Ghanaur,7.5,748,29.3,74.2,safe,ok
2025-07-02T20:00,synthetic-simulated,SNSR-GHANAUR-01,ghanaur,Ghanaur,7.44,738,28.3,79.9,safe,ok
2025-07-02T21:00,synthetic-simulated,SNSR-GHANAUR-01,ghanaur,Ghanaur,7.52,753,27.2,89.7,safe,ok
2025-07-02T22:00,synthetic-simulated,SNSR-GHANAUR-01,ghanaur,Ghanaur,7.51,753,27.0,95.3,safe,ok
2025-07-02T23:00,synthetic-simulated,SNSR-GHANAUR-01,ghanaur,Ghanaur,7.47,752,25.8,103.5,safe,ok
2025-07-03T00:00,synthetic-simulated,SNSR-GHANAUR-01,ghanaur,Ghanaur,7.42,764,25.6,109.4,safe,ok
2025-07-03T01:00,synthetic-simulated,SNSR-GHANAUR-01,ghanaur,Ghanaur,7.47,757,24.7,99.6,safe,ok
2025-07-03T02:00,synthetic-simulated,SNSR-GHANAUR-01,ghanaur,Ghanaur,7.42,755,24.7,96.2,safe,ok
2025-07-03T03:00,synthetic-simulated,SNSR-GHANAUR-01,ghanaur,Ghanaur,7.5,738,24.1,88.7,safe,ok
2025-07-03T04:00,synthetic-simulated,SNSR-GHANAUR-01,ghanaur,Ghanaur,7.49,751,24.4,80.3,safe,ok
2025-07-03T05:00,synthetic-simulated,SNSR-GHANAUR-01,ghanaur,Ghanaur,7.38,755,24.5,67.6,safe,ok
2025-07-03T06:00,synthetic-simulated,SNSR-GHANAUR-01,ghanaur,Ghanaur,7.44,746,25.1,61.3,safe,ok
2025-07-03T07:00,synthetic-simulated,SNSR-GHANAUR-01,ghanaur,Ghanaur,7.44,749,26.7,71.3,safe,ok
2025-07-03T08:00,synthetic-simulated,SNSR-GHANAUR-01,ghanaur,Ghanaur,7.5,760,26.7,79.6,safe,ok
2025-07-03T09:00,synthetic-simulated,SNSR-GHANAUR-01,ghanaur,Ghanaur,7.53,737,27.8,82.5,safe,ok
2025-07-03T10:00,synthetic-simulated,SNSR-GHANAUR-01,ghanaur,Ghanaur,7.39,730,28.0,97.0,safe,ok
2025-07-03T11:00,synthetic-simulated,SNSR-GHANAUR-01,ghanaur,Ghanaur,7.5,759,29.0,100.9,safe,ok
2025-07-03T12:00,synthetic-simulated,SNSR-GHANAUR-01,ghanaur,Ghanaur,7.45,763,30.1,110.8,safe,ok
2025-07-03T13:00,synthetic-simulated,SNSR-GHANAUR-01,ghanaur,Ghanaur,7.43,729,29.9,104.3,safe,ok
2025-07-03T14:00,synthetic-simulated,SNSR-GHANAUR-01,ghanaur,Ghanaur,7.53,738,30.3,95.0,safe,ok
2025-07-03T15:00,synthetic-simulated,SNSR-GHANAUR-01,ghanaur,Ghanaur,7.52,742,31.3,84.9,safe,ok
2025-07-03T16:00,synthetic-simulated,SNSR-GHANAUR-01,ghanaur,Ghanaur,7.51,755,30.4,80.1,safe,ok
2025-07-03T17:00,synthetic-simulated,SNSR-GHANAUR-01,ghanaur,Ghanaur,7.44,749,30.2,75.0,safe,ok
2025-07-03T18:00,synthetic-simulated,SNSR-GHANAUR-01,ghanaur,Ghanaur,7.45,748,30.1,66.6,safe,ok
2025-07-03T19:00,synthetic-simulated,SNSR-GHANAUR-01,ghanaur,Ghanaur,7.4,754,28.8,73.4,safe,ok
2025-07-03T20:00,synthetic-simulated,SNSR-GHANAUR-01,ghanaur,Ghanaur,7.45,749,28.6,79.5,safe,ok
2025-07-03T21:00,synthetic-simulated,SNSR-GHANAUR-01,ghanaur,Ghanaur,7.46,757,27.1,84.2,safe,ok
2025-07-03T22:00,synthetic-simulated,SNSR-GHANAUR-01,ghanaur,Ghanaur,7.45,751,26.8,97.1,safe,ok
2025-07-03T23:00,synthetic-simulated,SNSR-GHANAUR-01,ghanaur,Ghanaur,7.43,747,25.3,105.4,safe,ok
2025-07-04T00:00,synthetic-simulated,SNSR-GHANAUR-01,ghanaur,Ghanaur,7.47,745,25.3,109.3,safe,ok
2025-07-04T01:00,synthetic-simulated,SNSR-GHANAUR-01,ghanaur,Ghanaur,7.43,744,24.2,101.8,safe,ok
2025-07-04T02:00,synthetic-simulated,SNSR-GHANAUR-01,ghanaur,Ghanaur,7.46,745,24.2,95.8,safe,ok
2025-07-04T03:00,synthetic-simulated,SNSR-GHANAUR-01,ghanaur,Ghanaur,7.41,743,24.2,88.6,safe,ok
2025-07-04T04:00,synthetic-simulated,SNSR-GHANAUR-01,ghanaur,Ghanaur,7.46,761,24.9,79.3,safe,ok
2025-07-04T05:00,synthetic-simulated,SNSR-GHANAUR-01,ghanaur,Ghanaur,7.43,753,24.5,75.5,safe,ok
2025-07-04T06:00,synthetic-simulated,SNSR-GHANAUR-01,ghanaur,Ghanaur,7.44,748,24.7,69.0,safe,ok
2025-07-04T07:00,synthetic-simulated,SNSR-GHANAUR-01,ghanaur,Ghanaur,7.45,759,25.9,67.7,safe,ok
2025-07-04T08:00,synthetic-simulated,SNSR-GHANAUR-01,ghanaur,Ghanaur,7.45,758,26.8,76.8,safe,ok
2025-07-04T09:00,synthetic-simulated,SNSR-GHANAUR-01,ghanaur,Ghanaur,7.47,744,27.8,87.8,safe,ok
2025-07-04T10:00,synthetic-simulated,SNSR-GHANAUR-01,ghanaur,Ghanaur,7.4,752,28.3,94.2,safe,ok
2025-07-04T11:00,synthetic-simulated,SNSR-GHANAUR-01,ghanaur,Ghanaur,7.49,746,29.5,102.6,safe,ok
2025-07-04T12:00,synthetic-simulated,SNSR-GHANAUR-01,ghanaur,Ghanaur,7.43,742,30.0,117.0,safe,ok
2025-07-04T13:00,synthetic-simulated,SNSR-GHANAUR-01,ghanaur,Ghanaur,,,,,,dropout
2025-07-04T14:00,synthetic-simulated,SNSR-GHANAUR-01,ghanaur,Ghanaur,7.44,764,30.5,95.0,safe,ok
2025-07-04T15:00,synthetic-simulated,SNSR-GHANAUR-01,ghanaur,Ghanaur,7.46,735,30.9,88.3,safe,ok
2025-07-04T16:00,synthetic-simulated,SNSR-GHANAUR-01,ghanaur,Ghanaur,7.46,731,30.8,84.0,safe,ok
2025-07-04T17:00,synthetic-simulated,SNSR-GHANAUR-01,ghanaur,Ghanaur,7.42,758,30.5,69.1,safe,ok
2025-07-04T18:00,synthetic-simulated,SNSR-GHANAUR-01,ghanaur,Ghanaur,7.43,748,29.4,63.8,safe,ok
2025-07-04T19:00,synthetic-simulated,SNSR-GHANAUR-01,ghanaur,Ghanaur,7.43,751,29.0,69.4,safe,ok
2025-07-04T20:00,synthetic-simulated,SNSR-GHANAUR-01,ghanaur,Ghanaur,7.5,762,28.2,79.3,safe,ok
2025-07-04T21:00,synthetic-simulated,SNSR-GHANAUR-01,ghanaur,Ghanaur,7.48,759,27.0,89.1,safe,ok
2025-07-04T22:00,synthetic-simulated,SNSR-GHANAUR-01,ghanaur,Ghanaur,7.46,751,27.1,94.9,safe,ok
2025-07-04T23:00,synthetic-simulated,SNSR-GHANAUR-01,ghanaur,Ghanaur,7.4,750,25.4,102.0,safe,ok
2025-07-05T00:00,synthetic-simulated,SNSR-GHANAUR-01,ghanaur,Ghanaur,7.44,751,25.7,108.0,safe,ok
2025-07-05T01:00,synthetic-simulated,SNSR-GHANAUR-01,ghanaur,Ghanaur,7.5,744,24.2,102.5,safe,ok
2025-07-05T02:00,synthetic-simulated,SNSR-GHANAUR-01,ghanaur,Ghanaur,7.46,747,24.3,93.1,safe,ok
2025-07-05T03:00,synthetic-simulated,SNSR-GHANAUR-01,ghanaur,Ghanaur,7.49,754,24.0,85.5,safe,ok
2025-07-05T04:00,synthetic-simulated,SNSR-GHANAUR-01,ghanaur,Ghanaur,7.48,763,24.3,78.2,safe,ok
2025-07-05T05:00,synthetic-simulated,SNSR-GHANAUR-01,ghanaur,Ghanaur,7.46,733,24.2,69.9,safe,ok
2025-07-05T06:00,synthetic-simulated,SNSR-GHANAUR-01,ghanaur,Ghanaur,7.45,742,25.0,70.6,safe,ok
2025-07-05T07:00,synthetic-simulated,SNSR-GHANAUR-01,ghanaur,Ghanaur,7.43,769,25.6,73.9,safe,ok
2025-07-05T08:00,synthetic-simulated,SNSR-GHANAUR-01,ghanaur,Ghanaur,7.46,761,26.8,78.9,safe,ok
2025-07-05T09:00,synthetic-simulated,SNSR-GHANAUR-01,ghanaur,Ghanaur,7.44,751,28.2,85.7,safe,ok
2025-07-05T10:00,synthetic-simulated,SNSR-GHANAUR-01,ghanaur,Ghanaur,7.51,752,28.7,92.4,safe,ok
2025-07-05T11:00,synthetic-simulated,SNSR-GHANAUR-01,ghanaur,Ghanaur,7.44,754,28.9,101.7,safe,ok
2025-07-05T12:00,synthetic-simulated,SNSR-GHANAUR-01,ghanaur,Ghanaur,7.41,759,29.2,109.0,safe,ok
2025-07-05T13:00,synthetic-simulated,SNSR-GHANAUR-01,ghanaur,Ghanaur,7.52,747,29.4,101.8,safe,ok
2025-07-05T14:00,synthetic-simulated,SNSR-GHANAUR-01,ghanaur,Ghanaur,7.46,754,30.3,96.4,safe,ok
2025-07-05T15:00,synthetic-simulated,SNSR-GHANAUR-01,ghanaur,Ghanaur,7.43,741,30.8,85.8,safe,ok
2025-07-05T16:00,synthetic-simulated,SNSR-GHANAUR-01,ghanaur,Ghanaur,7.51,759,30.8,78.5,safe,ok
2025-07-05T17:00,synthetic-simulated,SNSR-GHANAUR-01,ghanaur,Ghanaur,7.45,758,30.1,76.2,safe,ok
2025-07-05T18:00,synthetic-simulated,SNSR-GHANAUR-01,ghanaur,Ghanaur,7.42,758,29.5,62.2,safe,ok
2025-07-05T19:00,synthetic-simulated,SNSR-GHANAUR-01,ghanaur,Ghanaur,7.49,747,28.8,72.0,safe,ok
2025-07-05T20:00,synthetic-simulated,SNSR-GHANAUR-01,ghanaur,Ghanaur,7.46,755,28.0,80.4,safe,ok
2025-07-05T21:00,synthetic-simulated,SNSR-GHANAUR-01,ghanaur,Ghanaur,7.47,754,27.4,90.9,safe,ok
2025-07-05T22:00,synthetic-simulated,SNSR-GHANAUR-01,ghanaur,Ghanaur,7.53,758,26.8,94.1,safe,ok
2025-07-05T23:00,synthetic-simulated,SNSR-GHANAUR-01,ghanaur,Ghanaur,7.48,756,26.6,102.3,safe,ok
